# Downloaded from https://www.geonames.org, unzipped, filtered through sv_city-filter
# and added this header.
#
# This file is not part of Savane, but is used with it.
#
# Copyright (C) 2024 GeoNames
#
# This work is licensed under a Creative Commons Attribution 4.0 License,
# see https://creativecommons.org/licenses/by/4.0/
#
42.50	1.53	AD	15853
42.50	1.52	AD	20430
25.28	55.88	AE	20165
24.11	52.73	AE	25000
25.61	56.27	AE	26395
25.59	56.26	AE	30000
25.33	56.34	AE	40677
24.39	54.70	AE	61710
25.56	55.55	AE	62747
23.65	53.70	AE	63482
24.30	54.62	AE	80498
25.14	56.24	AE	82310
24.42	54.60	AE	85374
25.11	56.34	AE	86512
24.35	54.48	AE	243341
25.78	55.94	AE	351943
25.40	55.47	AE	490035
24.19	55.76	AE	846747
25.33	55.41	AE	1274749
24.45	54.39	AE	1807000
25.07	55.30	AE	3478300
37.41	66.04	AF	15018
35.11	69.23	AF	15032
34.12	70.70	AF	15098
31.52	62.79	AF	15133
35.84	66.43	AF	15377
35.03	71.35	AF	15708
34.10	64.30	AF	15967
33.29	61.95	AF	16952
34.67	70.20	AF	17345
34.48	62.58	AF	17484
34.66	61.06	AF	18086
37.08	69.47	AF	18623
33.96	68.94	AF	22305
36.06	69.13	AF	22363
37.21	68.78	AF	24544
30.54	63.78	AF	25600
37.12	69.83	AF	25636
36.95	65.12	AF	29208
33.30	62.14	AF	29264
35.73	63.78	AF	30000
32.37	62.11	AF	43561
31.82	64.57	AF	43588
31.59	64.37	AF	43934
37.11	70.58	AF	44421
36.26	68.01	AF	47823
34.87	71.14	AF	48400
34.58	68.95	AF	49157
30.95	61.86	AF	49851
36.21	65.93	AF	52121
35.01	69.17	AF	53676
36.66	65.75	AF	55641
35.94	68.71	AF	56369
34.82	67.82	AF	61863
36.73	69.53	AF	64256
36.69	67.69	AF	64933
34.73	66.97	AF	65000
35.31	69.51	AF	65000
36.68	69.11	AF	71531
35.92	64.78	AF	75900
33.33	69.92	AF	96123
33.59	69.22	AF	103601
36.13	68.70	AF	108449
36.75	66.89	AF	114883
33.55	68.42	AF	141000
36.72	68.85	AF	161902
34.42	70.45	AF	271900
36.70	67.11	AF	523300
31.61	65.71	AF	523300
34.34	62.19	AF	574300
34.52	69.17	AF	4434550
17.12	-61.84	AG	24226
18.21	-63.05	AI	2035
39.87	20.00	AL	15147
41.61	20.00	AL	15405
40.68	19.61	AL	16000
42.07	20.42	AL	17832
41.78	19.64	AL	18695
41.50	19.79	AL	21286
40.64	19.65	AL	22679
40.07	20.13	AL	23437
41.63	19.71	AL	24825
41.18	19.55	AL	29354
40.94	19.70	AL	41469
40.70	19.95	AL	46866
40.72	19.55	AL	56297
40.61	20.78	AL	58259
40.71	19.56	AL	60995
40.90	20.65	AL	61530
42.06	19.51	AL	88245
40.46	19.48	AL	89546
41.11	20.08	AL	100903
41.32	19.45	AL	122034
41.32	19.81	AL	418495
40.83	44.26	AM	15059
39.46	45.97	AM	15208
40.54	44.94	AM	17083
40.40	44.64	AM	18500
40.29	44.36	AM	18779
40.06	44.41	AM	18911
39.51	46.34	AM	20379
39.96	44.54	AM	20562
40.35	45.12	AM	21680
41.00	44.38	AM	23782
40.15	44.03	AM	25963
39.83	44.70	AM	28832
39.20	46.40	AM	33160
40.27	44.63	AM	35673
40.49	44.76	AM	40795
40.16	44.29	AM	46200
40.80	44.49	AM	101098
40.79	43.84	AM	148381
40.18	44.51	AM	1093485
-9.78	16.43	AO	16232
-12.23	15.55	AO	17000
-12.23	15.31	AO	17000
-10.89	17.76	AO	17212
-10.07	17.55	AO	17212
-7.46	17.03	AO	17212
-11.47	16.96	AO	18000
-14.10	21.43	AO	19000
-9.27	15.25	AO	19422
-9.13	14.76	AO	19992
-12.15	18.08	AO	19995
-7.48	21.30	AO	20000
-6.80	13.33	AO	20358
-11.13	14.46	AO	21260
-11.10	14.33	AO	21260
-11.83	16.23	AO	21662
-8.18	15.37	AO	21767
-12.96	15.05	AO	21809
-12.90	15.24	AO	23000
-7.31	16.00	AO	23000
-14.81	14.53	AO	23014
-12.95	13.10	AO	25000
-13.55	16.63	AO	25000
-12.55	16.33	AO	26811
-12.56	16.22	AO	26974
-10.73	14.97	AO	27128
-12.15	17.28	AO	28831
-7.23	12.86	AO	28840
-10.19	15.43	AO	29000
-13.86	14.43	AO	31000
-7.35	14.84	AO	31382
-9.95	14.8	AO	33558
-8.73	15.37	AO	34000
-11.89	22.90	AO	34000
-12.47	14.13	AO	35000
-16.74	14.97	AO	35000
-12.35	14.77	AO	36361
-9.42	15.74	AO	39302
-6.12	14.62	AO	41878
-6.05	15.10	AO	42000
-10.00	14.89	AO	44000
-12.60	13.19	AO	45000
-15.80	11.84	AO	46573
-11.41	14.30	AO	47421
-11.48	16.69	AO	50000
-9.14	18.04	AO	55000
-8.57	13.66	AO	55000
-10.70	22.22	AO	55432
-12.01	17.48	AO	59000
-8.38	15.30	AO	60000
-9.05	15.31	AO	64643
-9.68	14.42	AO	64643
-13.01	14.63	AO	65000
-8.56	13.47	AO	66202
-9.57	15.99	AO	70481
-8.47	13.37	AO	75000
-14.73	15.03	AO	78000
-11.39	15.09	AO	90000
-8.76	17.99	AO	90000
-11.42	15.12	AO	90000
-13.03	14.24	AO	90367
-10.73	13.76	AO	91605
-7.75	15.27	AO	92950
-12.43	13.54	AO	95034
-8.41	20.74	AO	110000
-10.85	14.37	AO	116903
-17.06	15.73	AO	121537
-12.85	15.56	AO	130000
-6.26	14.23	AO	148000
-9.29	14.91	AO	161584
-7.36	20.81	AO	177604
-6.13	12.36	AO	200920
-11.20	13.84	AO	205832
-14.65	17.69	AO	251178
-15.19	12.15	AO	255000
-11.78	19.91	AO	273675
-7.60	15.06	AO	322531
-12.38	16.93	AO	355423
-12.36	13.53	AO	357950
-9.66	20.39	AO	393000
-9.54	16.34	AO	455000
-5.56	12.19	AO	550000
-12.57	13.40	AO	555124
-12.77	15.73	AO	595304
-14.91	13.49	AO	600751
-31.08	-64.48	AR	15112
-27.03	-65.30	AR	15126
-30.71	-61.99	AR	15129
-37.87	-67.79	AR	15169
-27.50	-58.55	AR	15347
-31.23	-64.31	AR	15369
-25.97	-54.56	AR	15529
-41.96	-71.53	AR	15537
-26.02	-54.61	AR	15579
-30.57	-59.93	AR	15606
-32.85	-61.15	AR	15619
-27.31	-61.28	AR	15741
-32.20	-64.40	AR	15900
-35.03	-63.01	AR	16270
-30.95	-58.77	AR	16333
-31.16	-64.31	AR	16632
-32.43	-63.24	AR	16841
-31.89	-61.85	AR	16873
-40.73	-64.94	AR	16966
-31.97	-60.91	AR	16975
-34.63	-58.57	AR	17481
-26.80	-55.02	AR	17491
-31.65	-63.91	AR	18155
-33.45	-61.48	AR	18294
-32.03	-60.30	AR	18296
-28.25	-58.62	AR	18349
-34.26	-62.71	AR	18361
-32.02	-61.22	AR	18374
-30.94	-59.78	AR	18410
-30.94	-61.56	AR	18757
-31.24	-64.46	AR	19070
-31.49	-68.53	AR	19092
-28.48	-59.35	AR	19101
-25.73	-59.10	AR	19124
-25.11	-64.12	AR	19185
-32.06	-60.64	AR	19545
-27.29	-54.19	AR	19571
-31.42	-63.05	AR	19577
-29.45	-60.21	AR	19797
-22.59	-63.81	AR	19811
-38.82	-68.06	AR	19819
-34.12	-63.39	AR	19908
-30.42	-64.35	AR	20164
-28.46	-62.83	AR	20261
-31.43	-68.52	AR	20413
-33.15	-60.50	AR	20620
-27.09	-54.89	AR	20683
-30.24	-68.74	AR	21018
-31.29	-64.29	AR	21683
-30.78	-60.59	AR	21809
-26.56	-54.75	AR	22229
-34.57	-58.46	AR	22500
-28.55	-56.04	AR	22634
-37.26	-56.97	AR	23257
-29.11	-59.65	AR	23341
-40.15	-71.35	AR	23519
-26.62	-54.10	AR	23736
-27.16	-65.49	AR	23771
-23.21	-64.09	AR	23961
-32.69	-62.10	AR	24226
-32.99	-60.76	AR	24436
-35.43	-60.17	AR	24668
-30.25	-57.63	AR	24671
-30.74	-59.64	AR	24716
-26.34	-60.43	AR	24747
-31.34	-64.33	AR	24796
-27.04	-55.22	AR	24905
-32.61	-60.15	AR	25139
-38.96	-68.23	AR	25186
-36.31	-57.67	AR	25190
-38.97	-67.82	AR	26083
-43.30	-65.10	AR	26335
-30.01	-59.52	AR	26399
-27.41	-59.02	AR	26745
-30.98	-64.09	AR	26825
-34.55	-58.70	AR	26844
-27.08	-61.08	AR	26955
-37.45	-61.93	AR	27000
-32.82	-60.71	AR	27060
-27.21	-61.18	AR	27813
-27.49	-64.85	AR	27838
-31.94	-65.19	AR	28009
-26.92	-60.04	AR	28070
-30.72	-64.80	AR	28166
-34.80	-58.38	AR	28265
-14.27	-170.70	AS	11500
48.11	16.26	AT	15047
47.05	15.46	AT	15187
47.30	11.06	AT	15229
48.12	14.87	AT	15559
48.30	16.32	AT	15614
47.05	15.39	AT	15687
47.06	15.45	AT	15853
47.03	15.4	AT	16268
48.38	16.21	AT	16292
47.36	9.68	AT	16317
48.20	16.37	AT	16450
47.42	12.84	AT	16790
48.16	14.03	AT	16857
47.25	11.38	AT	18142
47.11	15.42	AT	19020
46.61	14.28	AT	20000
46.62	14.34	AT	20320
47.07	15.39	AT	20511
48.08	16.28	AT	20555
48.2	15.63	AT	21911
47.42	9.65	AT	22821
47.08	15.44	AT	24767
48.00	16.23	AT	26286
47.06	15.42	AT	29363
47.50	9.74	AT	29806
47.08	15.41	AT	31147
47.26	11.41	AT	32588
47.05	15.44	AT	32912
47.23	9.6	AT	33420
47.26	11.36	AT	35043
48.04	14.42	AT	38331
47.80	16.23	AT	44820
47.41	9.74	AT	49278
48.18	16.29	AT	54265
48.23	16.26	AT	57546
46.61	13.85	AT	58882
48.16	16.33	AT	97624
46.62	14.30	AT	100316
48.18	16.43	AT	101420
48.21	16.3	AT	104627
47.26	11.39	AT	132493
47.79	13.04	AT	157245
48.25	16.4	AT	162779
48.23	16.46	AT	187007
48.16	16.38	AT	201882
48.30	14.28	AT	204846
47.06	15.45	AT	295424
48.20	16.37	AT	1691468
-33.92	151.22	AU	15021
-27.59	153.12	AU	15073
-32.83	151.35	AU	15076
-37.73	144.86	AU	15078
-27.66	152.92	AU	15081
-34.03	151.10	AU	15111
-37.88	144.98	AU	15153
-37.69	144.78	AU	15174
-37.77	144.92	AU	15197
-28.11	153.46	AU	15205
-38.08	144.38	AU	15215
-38.15	145.93	AU	15284
-33.94	150.87	AU	15312
-32.27	115.72	AU	15312
-33.92	151.25	AU	15333
-33.92	151.22	AU	15338
-27.58	153.1	AU	15364
-28.21	152.03	AU	15380
-37.79	144.94	AU	15395
-31.80	115.86	AU	15401
-37.82	147.61	AU	15411
-27.50	153.10	AU	15418
-37.70	144.75	AU	15419
-33.95	151.13	AU	15436
-25.54	152.70	AU	15479
-37.81	144.95	AU	15495
-27.35	152.96	AU	15532
-37.81	144.9	AU	15636
-33.70	150.70	AU	15649
-33.95	150.89	AU	15695
-28.21	153.53	AU	15868
-38.02	144.40	AU	15919
-27.49	153.05	AU	15965
-31.83	115.77	AU	15982
-33.92	151.19	AU	15985
-33.27	115.71	AU	15988
-33.73	150.93	AU	16040
-27.53	153.22	AU	16043
-37.8	144.96	AU	16055
-33.74	151.04	AU	16162
-33.79	151.28	AU	16170
-37.76	144.91	AU	16224
-31.91	152.45	AU	16359
-27.44	152.93	AU	16371
-33.52	151.31	AU	16413
-33.96	151.13	AU	16416
-33.88	151.21	AU	16492
-34.75	138.60	AU	16530
-27.93	153.31	AU	16605
-33.76	150.81	AU	16682
-27.31	153.03	AU	16701
-33.84	151.00	AU	16716
-27.98	153.33	AU	16739
-37.90	145.01	AU	16757
-37.81	145.2	AU	16795
-27.91	153.33	AU	16839
-34.78	138.61	AU	16872
-37.87	145.02	AU	16903
-33.91	151.07	AU	16921
-27.62	153.04	AU	16927
-37.75	145.14	AU	16966
-27.54	153.20	AU	17027
-37.8	144.9	AU	17131
-34.06	151.01	AU	17141
-38.1	145.13	AU	17215
-37.69	144.74	AU	17331
-37.75	145.35	AU	17348
-33.92	151.12	AU	17592
-31.89	115.76	AU	17605
-37.83	144.94	AU	17633
-33.71	151.11	AU	17652
-34.06	151.14	AU	17703
-33.79	151.08	AU	17792
-33.80	150.98	AU	17835
-27.61	153.05	AU	17842
-33.90	151.01	AU	17908
-37.89	145.05	AU	17909
-37.91	145.03	AU	17921
-33.86	150.95	AU	17932
-31.96	141.45	AU	18027
-37.76	144.76	AU	18145
-34.28	146.05	AU	18154
-37.73	144.93	AU	18171
-27.20	152.95	AU	18217
-33.88	151.1	AU	18224
12.43	-69.90	AW	15200
12.53	-70.02	AW	21500
12.52	-70.02	AW	29998
60.09	19.93	AX	10682
38.45	48.87	AZ	15190
40.49	50.14	AZ	15267
39.77	47.61	AZ	15599
40.51	47.65	AZ	15741
41.42	48.43	AZ	16022
40.43	50.03	AZ	16127
40.57	48.40	AZ	17209
39.88	48.39	AZ	17242
40.58	46.31	AZ	17816
39.45	48.54	AZ	18182
40.34	46.93	AZ	18185
39.37	49.24	AZ	18661
39.76	46.74	AZ	18662
41.09	45.36	AZ	18903
40.62	49.55	AZ	19019
40.34	48.15	AZ	19088
40.44	49.94	AZ	20996
40.47	49.94	AZ	21396
41.36	48.51	AZ	22405
40.03	48.94	AZ	23102
41.20	48.98	AZ	23248
40.64	47.47	AZ	23528
40.45	50.08	AZ	24596
40.51	50.11	AZ	24795
39.60	47.14	AZ	26765
40.42	49.98	AZ	26798
40.78	48.15	AZ	28776
40.63	48.64	AZ	29403
40.00	48.47	AZ	30612
40.32	49.73	AZ	30694
41.63	46.64	AZ	32171
39.87	48.05	AZ	34178
40.82	46.01	AZ	35421
39.20	48.49	AZ	36259
40.37	50.08	AZ	36293
39.59	48.98	AZ	36555
41.46	48.80	AZ	37175
40.37	47.12	AZ	37372
40.44	49.75	AZ	37949
39.99	46.92	AZ	39451
40.52	50.00	AZ	40092
40.44	49.80	AZ	42194
40.65	47.74	AZ	42500
40.05	47.45	AZ	43000
39.81	46.75	AZ	53100
39.20	45.41	AZ	64754
40.41	49.96	AZ	66686
41.19	47.17	AZ	68400
39.93	48.92	AZ	70220
40.39	49.97	AZ	72989
39.93	48.36	AZ	87000
38.77	48.41	AZ	87000
40.76	47.05	AZ	106048
40.61	47.15	AZ	127400
40.99	45.62	AZ	177200
38.75	48.85	AZ	240300
40.68	46.36	AZ	335600
40.58	49.66	AZ	358675
40.37	49.89	AZ	1116513
44.88	16.15	BA	15193
44.87	18.42	BA	15659
44.70	18.31	BA	15758
43.65	17.96	BA	15950
43.66	18.97	BA	17650
43.98	18.17	BA	17890
45.18	15.80	BA	19330
44.96	15.94	BA	21741
44.73	18.08	BA	27235
44.22	17.66	BA	31127
42.71	18.34	BA	33178
44.97	16.71	BA	36347
44.75	19.21	BA	37692
44.86	18.81	BA	38968
44.05	17.45	BA	41378
44.54	18.52	BA	44520
44.81	15.87	BA	75641
43.34	17.80	BA	104518
44.53	18.66	BA	142486
44.20	17.90	BA	164423
44.77	17.19	BA	221106
43.84	18.35	BA	696731
13.10	-59.62	BB	98511
24.76	90.25	BD	24684
22.83	91.84	BD	24813
22.53	91.91	BD	25708
22.28	89.95	BD	29760
22.48	90.06	BD	30219
22.90	89.21	BD	30926
22.45	89.85	BD	31647
23.88	90.96	BD	31671
22.19	92.21	BD	32523
25.67	89.05	BD	32600
24.43	90.55	BD	34177
23.30	90.22	BD	34423
24.21	90.95	BD	34560
25.85	88.35	BD	34606
24.68	88.15	BD	35961
22.31	89.79	BD	36470
24.51	91.35	BD	37807
22.71	89.51	BD	37985
24.02	88.99	BD	38159
22.63	90.27	BD	38703
25.03	91.66	BD	39218
23.02	91.51	BD	39335
22.82	90.52	BD	39424
24.07	89.63	BD	39604
23.04	89.63	BD	40492
22.97	90.22	BD	40519
20.85	92.29	BD	40557
24.31	90.16	BD	40869
24.10	90.09	BD	41137
23.11	89.09	BD	41957
22.33	90.73	BD	42220
23.01	89.43	BD	42653
23.25	90.85	BD	44343
23.59	90.14	BD	45543
23.40	89.13	BD	45631
22.49	90.72	BD	45670
25.66	89.50	BD	45911
25.66	88.93	BD	48020
22.22	90.71	BD	48305
26.33	88.55	BD	48531
25.96	89.69	BD	49425
25.55	89.67	BD	49736
23.10	91.97	BD	50364
22.29	91.97	BD	51360
22.07	92.04	BD	52005
22.51	91.45	BD	52152
22.57	89.97	BD	54418
23.15	89.49	BD	55112
23.10	90.84	BD	55241
24.48	91.77	BD	57441
22.94	90.83	BD	61703
22.89	89.90	BD	62210
23.03	90.76	BD	64652
25.91	89.44	BD	65127
23.21	90.35	BD	67652
26.03	88.46	BD	71096
25.10	89.02	BD	73068
24.88	90.72	BD	79016
24.75	89.83	BD	81325
24.12	89.06	BD	81995
23.24	91.12	BD	82290
23.01	91.39	BD	84028
23.17	90.20	BD	84789
24.38	91.41	BD	88760
22.68	91.79	BD	89030
24.43	90.78	BD	90690
23.72	90.38	BD	96641
22.68	90.64	BD	99079
24.17	89.59	BD	102420
24.05	90.97	BD	105457
25.01	90.01	BD	107419
23.60	89.84	BD	112187
24.45	89.70	BD	127481
22.70	89.07	BD	128918
23.65	90.61	BD	130000
23.90	89.11	BD	135724
24.59	88.27	BD	142361
24.36	88.83	BD	159406
24.91	89.94	BD	167900
24.24	89.91	BD	180144
23.73	90.41	BD	184492
24.00	89.23	BD	186781
24.80	88.94	BD	192464
25.77	88.89	BD	199422
22.70	90.37	BD	202242
50.42	3.95	BE	0
50.95	4.71	BE	15007
50.40	4.39	BE	15154
50.61	5.74	BE	15237
51.05	4.63	BE	15276
50.84	3.58	BE	15311
50.96	5.69	BE	15374
50.57	5.86	BE	15420
51.24	4.82	BE	15466
51.03	2.86	BE	15515
51.13	5.45	BE	15551
50.80	5.60	BE	15809
51.09	4.37	BE	15810
51.03	3.76	BE	15885
50.50	4.36	BE	15909
51.07	4.28	BE	15944
50.61	5.68	BE	15994
51.21	3.24	BE	16000
51.09	4.50	BE	16011
51.22	5.44	BE	16122
51.31	4.85	BE	16208
50.88	3.89	BE	16523
50.64	5.79	BE	16544
51.06	5.08	BE	16574
50.50	3.59	BE	16647
50.99	3.74	BE	16684
50.96	3.98	BE	16813
51.05	3.79	BE	16853
50.22	5.34	BE	16856
50.39	3.77	BE	16861
50.88	4.07	BE	16969
51.20	4.03	BE	16989
50.73	5.69	BE	17054
51.07	3.68	BE	17062
50.90	4.00	BE	17129
50.41	4.52	BE	17166
51.02	5.30	BE	17289
51.33	4.37	BE	17294
50.78	3.03	BE	17340
51.00	4.13	BE	17372
51.18	4.56	BE	17405
51.38	4.47	BE	17485
50.25	4.43	BE	17501
51.21	4.12	BE	17658
50.71	3.83	BE	17687
50.90	5.41	BE	17699
51.24	4.96	BE	17765
50.88	4.54	BE	17774
51.18	2.82	BE	17789
50.74	4.35	BE	17990
50.69	4.20	BE	18000
51.31	3.13	BE	18000
50.62	6.03	BE	18029
51.05	5.27	BE	18076
50.45	4.24	BE	18233
51.21	4.32	BE	18249
50.44	3.86	BE	18491
50.93	4.32	BE	18497
51.40	4.76	BE	18524
50.41	4.49	BE	18765
51.09	3.44	BE	18802
51.06	3.10	BE	18933
51.18	3.55	BE	19116
50.90	4.67	BE	19218
50.99	3.32	BE	19299
51.19	3.17	BE	19336
51.06	4.53	BE	19487
50.85	2.72	BE	19537
50.45	4.87	BE	19658
51.09	3.83	BE	19696
51.19	3.26	BE	19772
50.99	5.36	BE	19922
50.41	3.85	BE	19964
50.51	5.23	BE	19973
51.16	5.17	BE	19978
51.09	4.24	BE	19997
50.42	4.47	BE	20043
50.43	3.79	BE	20058
50.60	4.14	BE	20133
51.06	4.04	BE	20236
51.13	4.44	BE	20290
51.24	4.58	BE	20373
50.40	3.89	BE	20598
50.82	4.51	BE	20623
51.16	4.67	BE	20792
11.08	0.72	BF	15024
12.06	-2.23	BF	15060
13.25	-0.21	BF	15066
12.64	0.49	BF	15170
12.66	-3.95	BF	15170
11.42	-0.77	BF	15336
11.22	-4.64	BF	15474
12.07	1.78	BF	15515
12.75	-2.89	BF	15851
11.44	-2.22	BF	16026
11.73	1.77	BF	16423
12.43	-2.03	BF	16424
11.92	-2.51	BF	16450
11.69	0.50	BF	16640
13.43	-1.61	BF	17286
9.88	-2.91	BF	17997
12.82	-1.06	BF	18875
12.24	-1.58	BF	19648
11.11	0.00	BF	19815
11.74	-2.93	BF	20193
11.52	-2.76	BF	20434
12.97	-0.14	BF	21443
11.18	-0.63	BF	21726
11.78	-0.73	BF	21894
13.16	-0.82	BF	23420
12.66	-0.57	BF	24200
12.17	-4.08	BF	24783
12.66	-1.89	BF	25022
10.96	-3.24	BF	25688
12.28	-0.83	BF	25699
11.14	-3.05	BF	25922
12.19	-1.87	BF	25958
12.93	-0.85	BF	26340
11.55	-1.77	BF	26345
13.07	-3.06	BF	26347
12.55	-0.96	BF	26539
13.67	-1.54	BF	27213
11.16	-1.14	BF	28079
11.66	-1.07	BF	28615
12.06	-1.33	BF	28617
11.25	-0.30	BF	31210
12.03	-4.39	BF	31215
12.72	-3.86	BF	32428
10.28	-4.91	BF	33292
12.58	-1.29	BF	33296
10.98	-4.91	BF	33422
12.31	-2.47	BF	33894
12.24	-0.61	BF	35398
12.95	-2.26	BF	38679
13.20	-2.35	BF	40141
11.8	-0.55	BF	40404
10.33	-3.18	BF	45284
14.22	-0.86	BF	45818
14.03	-0.03	BF	46512
12.27	-1.57	BF	47728
13.76	-2.06	BF	48241
12.17	-0.35	BF	49372
11.10	-2.10	BF	51743
13.32	-1.53	BF	53627
14.09	-1.62	BF	61462
11.78	-0.36	BF	61936
12.46	-3.46	BF	63617
12.39	-1.43	BF	65263
12.06	0.35	BF	73200
11.5	-3.51	BF	87151
12.25	-0.42	BF	96469
10.63	-4.76	BF	117452
13.09	-1.08	BF	121970
13.58	-2.42	BF	124587
12.37	-1.41	BF	136011
12.25	-2.36	BF	160239
11.17	-4.29	BF	904920
12.36	-1.53	BF	2415266
43.23	23.12	BG	15027
42.2	25.33	BG	15109
42.27	24.94	BG	15782
43.35	26.23	BG	16571
42.1	25.21	BG	17000
42.03	24.29	BG	18676
41.93	25.9	BG	18931
41.76	26.2	BG	19279
42.49	24.19	BG	19389
42.65	26.98	BG	19709
41.56	23.73	BG	20522
42.90	23.79	BG	20909
42.70	27.25	BG	20986
42.89	24.71	BG	21162
42.48	26.01	BG	23625
42.02	23.99	BG	24036
43.02	25.10	BG	24582
41.57	24.71	BG	26167
43.83	23.23	BG	26594
42.33	23.55	BG	26765
43.18	27.88	BG	27000
41.56	23.28	BG	28510
44.11	27.26	BG	29498
43.13	24.71	BG	29659
43.61	25.35	BG	30157
42.63	24.8	BG	30340
41.39	23.20	BG	30722
43.12	25.70	BG	32792
42.26	23.11	BG	34764
43.25	26.57	BG	34793
42.28	22.69	BG	37799
42.05	25.6	BG	38015
43.53	26.51	BG	38285
43.99	22.88	BG	40422
43.41	23.22	BG	47445
42.61	25.4	BG	47918
41.65	25.36	BG	51000
42.01	24.86	BG	54778
42.48	26.5	BG	63656
43.21	23.56	BG	64941
42.2	24.33	BG	65671
42.87	25.33	BG	66175
43.08	25.62	BG	66217
41.93	25.55	BG	67086
42.01	23.1	BG	67810
43.27	26.92	BG	72342
43.56	27.83	BG	79269
42.6	23.03	BG	82467
42.68	26.32	BG	83740
43.41	24.61	BG	100952
43.84	25.95	BG	143417
42.43	25.64	BG	143431
42.50	27.46	BG	195966
43.21	27.91	BG	312770
42.15	24.75	BG	346893
42.69	23.32	BG	1152556
26.21	50.54	BH	31735
26.15	50.62	BH	37657
26.17	50.54	BH	38090
26.11	50.50	BH	52718
26.06	50.50	BH	65466
26.25	50.61	BH	97458
26.22	50.58	BH	147074
26.13	50.55	BH	195606
-2.58	30.09	BI	15511
-3.10	30.16	BI	15964
-3.33	29.25	BI	18104
-3.08	29.39	BI	30996
-2.92	29.62	BI	33682
-2.88	29.12	BI	36959
-3.97	29.43	BI	55599
-2.90	29.83	BI	61716
-3.42	29.92	BI	64904
-3.38	29.36	BI	769317
6.58	1.66	BJ	15195
8.48	2.42	BJ	15658
9.79	2.98	BJ	15927
10.50	1.37	BJ	16330
6.78	2.3	BJ	16903
7.08	2.48	BJ	17043
9.66	1.38	BJ	17259
8.41	1.88	BJ	17682
6.61	2.35	BJ	18157
6.89	1.71	BJ	19498
7.97	2.22	BJ	20036
6.55	2.65	BJ	20326
6.88	1.83	BJ	21617
7.00	2.60	BJ	21968
10.17	1.10	BJ	22386
9.86	2.72	BJ	23264
6.66	2.15	BJ	23287
6.36	2.61	BJ	23636
6.98	1.84	BJ	23763
7.34	1.93	BJ	23781
6.53	2.66	BJ	24132
10.69	1.06	BJ	24490
10.49	0.99	BJ	24878
6.93	1.68	BJ	26340
10.92	3.69	BJ	26440
6.51	1.82	BJ	26627
7.22	2.21	BJ	26688
10.62	1.26	BJ	27094
6.4	2.06	BJ	27197
9.84	1.54	BJ	28605
7.75	2.18	BJ	29461
10.22	2.66	BJ	31176
8.03	2.48	BJ	31444
6.64	2.70	BJ	31984
10.34	2.37	BJ	35267
10.29	3.38	BJ	35513
10.22	2.00	BJ	37217
11.29	2.43	BJ	37571
7.92	1.97	BJ	38162
7.36	2.59	BJ	39626
6.79	1.78	BJ	41341
6.55	2.59	BJ	41657
6.40	1.88	BJ	42586
6.73	2.65	BJ	43541
7.22	2.34	BJ	43554
8.88	2.59	BJ	43862
9.00	1.66	BJ	46569
6.63	1.71	BJ	47246
6.36	2.08	BJ	47616
6.98	2.66	BJ	49232
10.30	1.37	BJ	53284
10.82	2.10	BJ	54276
11.13	2.93	BJ	56043
11.86	3.38	BJ	64639
9.94	3.21	BJ	66109
6.39	2.53	BJ	75313
7.17	2.06	BJ	93744
9.70	1.66	BJ	94773
7.18	1.99	BJ	117824
6.38	2.34	BJ	253262
9.33	2.63	BJ	255478
6.49	2.60	BJ	264320
6.44	2.35	BJ	385755
6.36	2.41	BJ	679012
17.89	-62.84	BL	5988
32.29	-64.78	BM	902
4.80	114.64	BN	19151
4.60	114.32	BN	30097
4.58	114.23	BN	31178
4.89	114.94	BN	64409
-17.54	-65.83	BO	15194
-18.28	-66.83	BO	15492
-18.00	-63.38	BO	15543
-16.53	-68.38	BO	18023
-17.4	-63.83	BO	18187
-17.81	-63.05	BO	18347
-15.89	-63.18	BO	18816
-16.57	-68.15	BO	19583
-17.51	-63.16	BO	22036
-21.44	-65.71	BO	22233
-16.37	-60.96	BO	23569
-14.85	-66.74	BO	24610
-11.02	-68.76	BO	26585
-20.04	-63.52	BO	27961
-18.42	-66.57	BO	28069
-22.08	-65.59	BO	30253
-17.94	-65.34	BO	30481
-22.73	-64.33	BO	35411
-10.82	-65.35	BO	36008
-21.26	-63.46	BO	39800
-15.83	-67.56	BO	45747
-17.45	-66.35	BO	47000
-17.38	-66.23	BO	52732
-17.39	-66.31	BO	58739
-17.33	-66.21	BO	62675
-22.01	-63.67	BO	82803
-14.83	-64.9	BO	84259
-16.65	-68.3	BO	86218
-17.33	-63.25	BO	88616
-11.01	-66.05	BO	99070
-19.58	-65.75	BO	141251
-21.53	-64.72	BO	159269
-17.39	-66.27	BO	172405
-17.39	-66.03	BO	180726
-17.98	-67.15	BO	208684
-19.03	-65.26	BO	224838
-17.38	-66.15	BO	841276
-17.78	-63.18	BO	1831434
-16.5	-68.15	BO	2004652
12.15	-68.26	BQ	3081
-3.62	-38.82	BR	0
-0.18	-50.05	BR	15030
-23.78	-53.07	BR	15057
-9.71	-36.45	BR	15062
-11.33	-38.96	BR	15088
-26.96	-50.42	BR	15092
-27.58	-48.52	BR	15100
-23.21	-44.71	BR	15118
-19.32	-41.25	BR	15131
-25.69	-51.65	BR	15141
-27.94	-52.92	BR	15158
-27.63	-51.33	BR	15162
-22.53	-52.16	BR	15193
-0.11	-67.08	BR	15231
-17.37	-40.22	BR	15254
-5.35	-42.67	BR	15265
-6.07	-35.23	BR	15298
-23.50	-47.61	BR	15395
-25.34	-54.23	BR	15434
-17.98	-46.90	BR	15459
-16.43	-41.00	BR	15463
-17.34	-39.22	BR	15464
-26.41	-49.07	BR	15505
-14.67	-39.37	BR	15516
-8.66	-35.16	BR	15518
-20.35	-41.95	BR	15544
-6.69	-35.53	BR	15550
-11.81	-37.61	BR	15557
-5.03	-44.43	BR	15570
-13.03	-46.77	BR	15582
-29.65	-50.57	BR	15594
-19.75	-43.03	BR	15595
-22.02	-42.36	BR	15601
-14.20	-39.52	BR	15604
-12.73	-38.76	BR	15662
-4.58	-42.86	BR	15677
-16.46	-49.96	BR	15684
-23.10	-48.61	BR	15696
-14.40	-56.44	BR	15699
-20.53	-49.31	BR	15715
-23.87	-49.80	BR	15726
-20.15	-41.62	BR	15729
-21.54	-45.73	BR	15741
-3.46	-44.87	BR	15775
-19.00	-57.60	BR	15790
-12.50	-38.99	BR	15834
-25.97	-52.56	BR	15841
-7.25	-34.90	BR	15859
-6.40	-41.74	BR	15881
-9.56	-35.82	BR	15887
-7.30	-38.15	BR	15890
-8.14	-35.39	BR	15894
-21.22	-50.86	BR	15938
-23.79	-48.59	BR	15958
-19.41	-42.41	BR	15970
-14.95	-39.29	BR	16001
-10.50	-37.05	BR	16023
-2.23	-45.3	BR	16045
-29.37	-51.11	BR	16049
-2.51	-66.09	BR	16060
-9.01	-35.22	BR	16066
-8.51	-39.31	BR	16096
-32.23	-53.08	BR	16117
-14.95	-49.54	BR	16117
-15.16	-48.28	BR	16118
-15.16	-49.80	BR	16128
-19.91	-48.38	BR	16152
-25.42	-48.71	BR	16152
-22.50	-48.71	BR	16179
-23.38	-48.72	BR	16215
-7.33	-47.46	BR	16228
-11.73	-40.55	BR	16230
-15.61	-46.42	BR	16243
-28.29	-49.93	BR	16250
-21.37	-46.52	BR	16253
-1.02	-46.63	BR	16279
-20.77	-49.71	BR	16308
-6.24	-38.91	BR	16328
-29.40	-51.94	BR	16331
-20.18	-44.77	BR	16332
-6.68	-36.65	BR	16377
-5.25	-44.64	BR	16402
-7.04	-35.62	BR	16406
-15.74	-41.46	BR	16409
-24.52	-49.94	BR	16409
26.53	-78.7	BS	26910
26.53	-78.66	BS	46525
25.05	-77.34	BS	227940
27.59	89.87	BT	21500
27.02	90.12	BT	22376
26.85	89.38	BT	27658
27.46	89.64	BT	98676
-25.41	25.55	BW	16853
-20.49	27.03	BW	18582
-24.60	24.72	BW	18784
-21.69	21.64	BW	19012
-24.66	25.78	BW	20027
-21.96	28.43	BW	21216
-21.44	27.46	BW	23296
-24.77	25.42	BW	23858
-24.67	25.53	BW	25300
-24.56	25.87	BW	25460
-25.22	25.67	BW	29772
-24.87	25.86	BW	33271
-21.41	25.59	BW	36404
-21.97	27.84	BW	42488
-24.96	25.33	BW	48028
-23.10	26.81	BW	48431
-24.41	26.15	BW	50321
-22.54	27.12	BW	52636
-24.66	25.97	BW	55508
-22.38	26.71	BW	55676
-24.40	25.49	BW	74861
-19.98	23.41	BW	85350
-24.62	25.86	BW	88004
-21.17	27.50	BW	103417
-24.65	25.90	BW	246325
53.47	26.74	BY	15400
53.60	24.74	BY	15475
53.41	24.53	BY	15770
54.02	28.08	BY	16594
53.94	27.78	BY	17000
54.88	28.69	BY	17400
53.52	30.24	BY	17500
52.42	31.31	BY	18300
52.55	24.45	BY	19135
55.11	26.83	BY	19800
53.50	28.14	BY	20100
55.13	27.69	BY	22000
52.70	25.33	BY	24200
52.24	26.80	BY	25000
53.68	27.13	BY	25164
53.69	31.71	BY	27681
53.59	25.81	BY	29441
52.53	24.97	BY	29645
54.49	26.91	BY	30000
54.28	30.98	BY	33897
53.30	28.63	BY	34591
53.09	30.04	BY	34700
54.47	26.39	BY	35908
52.13	29.32	BY	37190
53.15	24.45	BY	47300
52.21	24.35	BY	50691
53.08	25.31	BY	51434
53.02	27.55	BY	61802
52.36	30.39	BY	65400
54.09	28.33	BY	65451
52.63	29.73	BY	67054
52.89	30.02	BY	76078
55.48	28.78	BY	82258
54.31	26.85	BY	101300
53.88	25.29	BY	102700
52.78	27.54	BY	106627
55.53	28.59	BY	108000
52.04	29.24	BY	112348
54.50	30.41	BY	125347
52.12	26.06	BY	130777
54.22	28.50	BY	144945
53.13	26.00	BY	179000
53.13	29.22	BY	209675
55.19	30.20	BY	342700
52.09	23.68	BY	362641
53.91	30.34	BY	369200
53.68	23.82	BY	373547
52.43	30.97	BY	526872
53.9	27.56	BY	1742124
17.25	-88.76	BZ	13381
18.08	-88.56	BZ	15298
17.91	-87.96	BZ	17429
17.15	-89.06	BZ	26151
17.49	-88.19	BZ	61461
49.76	-94.48	CA	15096
43.71	-79.40	CA	15179
43.67	-79.52	CA	15535
43.75	-79.54	CA	15545
45.26	-72.14	CA	15550
43.64	-79.42	CA	15559
53.26	-113.55	CA	15561
45.53	-73.28	CA	15605
43.69	-79.29	CA	15683
45.56	-73.18	CA	15720
43.76	-79.35	CA	15723
43.78	-79.33	CA	15818
49.52	-96.68	CA	15829
43.76	-79.45	CA	15873
44.25	-76.94	CA	15892
45.82	-73.42	CA	15906
43.72	-79.23	CA	15935
45.38	-73.51	CA	15947
45.03	-79.31	CA	16010
43.79	-79.40	CA	16097
43.75	-79.42	CA	16164
46.31	-72.56	CA	16211
46.13	-64.90	CA	16311
51.21	-102.46	CA	16343
43.74	-79.44	CA	16472
46.79	-71.35	CA	16516
43.64	-79.40	CA	16556
47.37	-68.32	CA	16580
50.28	-107.80	CA	16604
45.58	-75.42	CA	16685
43.73	-79.22	CA	16724
45.40	-73.58	CA	16762
43.70	-79.38	CA	16775
43.70	-79.36	CA	16828
48.43	-123.48	CA	16859
43.80	-79.35	CA	16934
43.77	-79.42	CA	16936
45.43	-75.66	CA	17000
47.49	-52.99	CA	17087
43.72	-79.26	CA	17123
43.68	-79.33	CA	17180
45.89	-77.28	CA	17187
46.74	-71.45	CA	17281
45.28	-74.23	CA	17396
45.53	-73.90	CA	17402
46.66	-81.00	CA	17451
43.78	-79.20	CA	17455
45.85	-73.76	CA	17463
43.72	-79.31	CA	17510
43.25	-79.08	CA	17511
47.02	-65.50	CA	17537
46.19	-59.95	CA	17556
49.69	-123.15	CA	17587
48.43	-123.41	CA	17655
43.70	-79.48	CA	17757
43.75	-79.37	CA	17812
48.56	-78.11	CA	17918
43.65	-79.39	CA	17945
43.70	-79.51	CA	17992
48.44	-123.30	CA	18015
43.95	-78.16	CA	18099
42.90	-79.23	CA	18306
49.22	-122.68	CA	18573
47.82	-69.54	CA	18586
43.65	-79.58	CA	18588
43.66	-79.37	CA	18615
45.58	-62.64	CA	18665
43.70	-79.31	CA	18675
48.95	-57.95	CA	18693
53.01	-112.83	CA	18742
43.11	-79.19	CA	18801
44.15	-79.86	CA	18809
45.56	-73.20	CA	18927
45.51	-73.64	CA	18933
45.44	-73.75	CA	18980
45.43	-73.86	CA	19194
52.77	-108.29	CA	19440
54.51	-128.60	CA	19443
45.33	-79.21	CA	19816
45.40	-74.13	CA	19889
44.67	-63.47	CA	20000
49.49	-115.76	CA	20047
56.24	-120.85	CA	20155
62.45	-114.37	CA	20340
44.35	-78.73	CA	20354
-12.15	96.82	CC	120
-1.57	29.04	CD	17151
2.14	27.99	CD	17373
3.81	23.68	CD	17860
-6.47	16.81	CD	20060
-5.49	22.26	CD	22263
-12.42	28.34	CD	34762
-3.59	26.66	CD	37034
-2.49	28.79	CD	37034
3.65	18.63	CD	37344
-5.38	25.74	CD	37818
-8.46	28.90	CD	38298
-3.62	18.84	CD	41076
1.22	19.80	CD	41141
1.91	30.50	CD	41409
-0.15	29.23	CD	41722
-0.82	29.36	CD	42105
-10.37	24.54	CD	44027
-5.99	23.25	CD	44093
-0.69	29.17	CD	44146
1.94	30.03	CD	45318
-4.58	15.16	CD	45400
-5.35	21.42	CD	45443
2.86	30.84	CD	45516
-4.77	17.89	CD	45775
-8.20	26.42	CD	46430
-3.86	23.88	CD	46534
-2.15	16.23	CD	47032
3.03	29.53	CD	47278
3.33	20.88	CD	48339
4.34	18.59	CD	48658
-4.97	23.44	CD	49376
-10.61	26.32	CD	50100
-0.28	20.88	CD	50794
-0.60	29.17	CD	51103
-1.09	29.29	CD	52041
-7.16	23.70	CD	54676
0.60	29.31	CD	55439
-4.15	19.86	CD	55672
-2.72	18.14	CD	56061
-3.01	16.92	CD	61336
2.73	23.78	CD	61437
0.76	24.43	CD	62082
-2.72	17.69	CD	62153
-5.95	28.01	CD	62565
-5.76	13.65	CD	63317
-4.02	19.53	CD	63713
-4.99	12.94	CD	64210
-7.58	30.20	CD	66378
-1.92	18.28	CD	68852
-5.48	28.21	CD	72327
4.27	21.00	CD	73835
0.69	29.51	CD	74502
1.23	23.61	CD	76371
-5.56	14.43	CD	79539
-6.22	23.39	CD	79929
-7.51	24.17	CD	80043
2.78	24.72	CD	80751
-7.08	29.73	CD	81181
-6.05	26.91	CD	81191
-4.85	21.55	CD	81267
-4.54	18.60	CD	81393
-4.42	26.66	CD	81629
0.18	27.48	CD	81740
-7.29	27.39	CD	82465
-1.18	29.44	CD	82680
-5.38	27.00	CD	86932
-4.96	19.59	CD	87882
-7.83	26.99	CD	89340
0.08	29.30	CD	89352
-3.52	23.60	CD	91409
2.37	20.49	CD	96790
-10.87	26.59	CD	99884
4.12	27.39	CD	100575
-9.20	25.85	CD	105530
-5.13	15.05	CD	115317
-10.96	22.9	CD	116073
-4.33	20.58	CD	117245
2.15	21.51	CD	117464
-5.92	12.37	CD	128804
0.49	29.47	CD	140731
-5.25	14.85	CD	142773
2.18	22.46	CD	154586
-5.94	29.19	CD	160961
-11.76	27.25	CD	169635
-7.00	23.45	CD	189177
7.69	18.62	CF	16279
5.26	17.65	CF	17203
5.03	25.13	CF	17829
5.66	15.96	CF	18089
4.80	18.12	CF	18090
6.50	18.27	CF	19320
6.32	19.07	CF	19639
6.31	16.37	CF	20665
5.31	17.10	CF	21710
3.86	17.98	CF	21867
7.30	18.28	CF	24119
8.41	20.64	CF	27071
6.26	21.22	CF	28319
3.52	16.04	CF	31923
5.71	19.07	CF	31986
5.02	21.20	CF	32588
5.79	14.82	CF	33739
6.98	15.64	CF	36418
4.99	19.96	CF	36575
6.54	21.98	CF	47226
7.24	16.44	CF	47703
4.74	22.81	CF	54059
6.98	19.18	CF	55047
6.49	17.45	CF	55353
5.93	15.59	CF	71680
5.76	20.67	CF	83029
4.26	15.79	CF	103713
4.94	15.87	CF	129032
4.45	18.53	CF	264067
4.25	18.41	CF	348802
4.36	18.55	CF	812407
1.40	16.31	CG	15102
-2.54	14.75	CG	15372
3.05	18.51	CG	16221
-3.99	13.92	CG	18321
-2.94	12.70	CG	19104
-4.11	13.06	CG	20391
0.00	15.63	CG	20550
-1.16	15.97	CG	20630
3.10	18.51	CG	20985
-1.21	16.79	CG	21809
-4.75	11.85	CG	23204
-1.87	15.86	CG	26718
-4.21	13.76	CG	27512
-4.29	13.85	CG	27726
-3.68	13.34	CG	33122
-0.48	15.89	CG	35698
1.61	16.05	CG	40667
1.61	18.05	CG	48939
-4.20	13.28	CG	58737
-4.18	13.28	CG	103000
-4.19	12.66	CG	121000
-4.77	11.86	CG	1032000
-4.26	15.28	CG	1982000
46.25	6.95	CH	15106
47.30	8.52	CH	15230
47.47	8.76	CH	15434
47.38	9.27	CH	15438
47.39	8.04	CH	15501
47.35	8.56	CH	15519
46.77	7.63	CH	15709
47.39	8.52	CH	15718
46.29	7.53	CH	15752
46.46	6.84	CH	15812
47.19	7.39	CH	15927
47.25	8.59	CH	15973
47.34	8.53	CH	16073
47.47	8.30	CH	16118
47.05	8.26	CH	16121
47.49	8.71	CH	16182
46.51	6.66	CH	16263
47.45	8.58	CH	16289
47.51	8.76	CH	16356
47.34	7.90	CH	16411
47.05	7.62	CH	16420
47.37	8.49	CH	16480
46.19	9.01	CH	16572
47.18	8.46	CH	16719
46.38	6.23	CH	16797
47.52	7.64	CH	16927
47.41	9.25	CH	17043
47.40	8.49	CH	17117
47.41	8.51	CH	17241
46.18	6.10	CH	17302
47.22	8.83	CH	17655
47.65	9.17	CH	17655
46.53	6.58	CH	17811
47.42	8.54	CH	17851
47.40	8.54	CH	17922
47.55	7.53	CH	18189
47.46	8.32	CH	18191
46.18	6.13	CH	19344
46.23	6.08	CH	19772
47.39	8.61	CH	19882
47.57	7.64	CH	20000
47.39	8.53	CH	20045
47.19	8.52	CH	20546
47.40	8.40	CH	20893
47.37	8.51	CH	20977
47.55	8.89	CH	21979
47.34	8.72	CH	23279
47.17	8.51	CH	23435
46.61	7.05	CH	23438
46.77	6.64	CH	23702
47.46	9.04	CH	23955
47.32	8.79	CH	24764
47.03	8.28	CH	25010
46.43	6.91	CH	25984
47.37	8.52	CH	27273
46.18	6.11	CH	27291
46.22	7.35	CH	28045
47.40	8.57	CH	28189
47.38	8.48	CH	28307
47.33	8.52	CH	29215
47.39	8.54	CH	29951
46.21	6.08	CH	30086
47.07	8.27	CH	30926
46.99	6.93	CH	31270
46.84	9.53	CH	32429
46.80	7.15	CH	32827
47.37	8.58	CH	33820
47.69	8.63	CH	33863
47.22	8.82	CH	34776
47.40	8.50	CH	36216
47.09	6.82	CH	36825
46.92	7.41	CH	41784
46.75	7.62	CH	42136
47.38	8.47	CH	44878
47.35	8.50	CH	46018
47.13	7.24	CH	48614
47.42	8.52	CH	54260
46.01	8.96	CH	63000
47.42	9.37	CH	70572
47.05	8.30	CH	81691
47.50	8.72	CH	91908
46.94	7.44	CH	121631
46.51	6.63	CH	139111
47.55	7.57	CH	164488
46.20	6.14	CH	183981
5.68	-6.07	CI	15080
6.90	-7.41	CI	15253
9.14	-4.60	CI	15262
6.94	-5.96	CI	15282
6.37	-7.39	CI	15290
8.49	-7.17	CI	15293
7.25	-7.23	CI	15335
6.76	-6.86	CI	15375
6.29	-6.27	CI	15621
6.53	-6.81	CI	15627
9.76	-6.46	CI	15716
5.03	-6.15	CI	15794
8.48	-3.12	CI	15815
4.98	-7.06	CI	15835
5.76	-6.40	CI	15852
6.56	-7.81	CI	15873
5.04	-6.74	CI	15910
6.13	-6.84	CI	16006
7.17	-7.29	CI	16018
5.26	-7.31	CI	16054
7.10	-7.55	CI	16106
6.46	-5.95	CI	16298
5.79	-4.66	CI	16321
6.01	-4.82	CI	16337
6.78	-4.08	CI	16341
6.12	-6.71	CI	16457
6.48	-7.20	CI	16614
6.65	-6.16	CI	16620
6.88	-7.51	CI	16666
10.05	-5.33	CI	16677
5.43	-6.55	CI	16684
5.35	-5.67	CI	16922
5.41	-3.03	CI	17008
7.45	-5.29	CI	17093
6.67	-7.34	CI	17216
6.98	-6.66	CI	17406
6.01	-3.19	CI	17561
5.46	-5.58	CI	17699
7.23	-6.47	CI	17712
7.69	-6.55	CI	17716
6.73	-6.95	CI	17944
5.62	-4.08	CI	17987
9.06	-5.77	CI	18087
6.07	-4.31	CI	18180
7.48	-6.78	CI	18180
7.28	-6.81	CI	18278
8.36	-4.42	CI	18322
5.34	-6.05	CI	18336
5.92	-5.02	CI	18428
6.37	-3.34	CI	18530
5.09	-6.34	CI	18713
5.89	-5.15	CI	19158
6.42	-5.55	CI	19290
7.45	-4.33	CI	19307
7.22	-7.93	CI	19342
5.40	-3.38	CI	19351
5.24	-5.79	CI	19370
8.05	-6.18	CI	19597
7.13	-7.18	CI	19689
6.56	-7.70	CI	20057
6.74	-7.11	CI	20057
5.90	-4.01	CI	20284
6.66	-3.26	CI	20422
5.73	-3.40	CI	20659
5.25	-6.53	CI	20686
8.76	-5.68	CI	20738
4.93	-6.77	CI	20769
5.06	-6.25	CI	20838
6.15	-5.69	CI	21186
6.00	-6.29	CI	21245
5.12	-6.81	CI	21333
6.07	-3.63	CI	21578
8.21	-5.12	CI	21579
8.65	-5.29	CI	21793
7.05	-7.44	CI	21824
7.01	-7.48	CI	21861
5.92	-6.15	CI	21879
5.56	-6.02	CI	22056
9.06	-5.16	CI	22284
7.16	-6.30	CI	22419
5.02	-6.56	CI	22619
5.51	-7.32	CI	22807
5.66	-6.41	CI	23215
7.73	-7.61	CI	23232
6.23	-6.17	CI	23371
-21.20	-159.77	CK	13373
-40.33	-72.95	CL	15456
-39.36	-72.63	CL	15590
-20.25	-69.78	CL	15711
-39.64	-72.33	CL	16312
-37.95	-72.43	CL	16392
-37.28	-72.71	CL	16550
-32.84	-70.95	CL	16646
-33.55	-71.60	CL	16875
-45.40	-72.69	CL	16936
-34.71	-71.04	CL	17356
-20.23	-70.14	CL	17461
-33.28	-70.65	CL	18000
-26.39	-70.04	CL	18137
-37.03	-72.40	CL	18327
-38.74	-72.95	CL	18777
-51.72	-72.50	CL	20000
-37.80	-73.39	CL	20158
-20.22	-70.13	CL	20707
-20.24	-70.13	CL	20824
-37.50	-72.67	CL	21220
-38.53	-72.43	CL	21579
-43.11	-73.61	CL	21823
-37.71	-72.24	CL	22170
-37.60	-73.65	CL	22345
-35.59	-71.72	CL	22427
-34.43	-71.08	CL	22572
-31.63	-71.16	CL	22816
-33.67	-70.98	CL	23090
-34.06	-70.72	CL	23301
-20.23	-70.13	CL	23737
-22.09	-70.19	CL	24460
-38.23	-72.33	CL	24555
-37.24	-73.31	CL	24659
-32.45	-71.23	CL	24857
-41.31	-72.98	CL	24958
-40.29	-73.08	CL	26298
-36.14	-71.82	CL	26904
-39.28	-71.95	CL	26953
-34.18	-70.64	CL	27595
-41.87	-73.81	CL	28020
-35.11	-71.28	CL	28775
-33.28	-70.87	CL	29250
-34.43	-71.07	CL	29560
-42.47	-73.77	CL	29926
-39.80	-73.21	CL	30000
-37.47	-73.34	CL	30611
-35.96	-72.32	CL	31362
-36.42	-71.95	CL	31517
-39.28	-72.22	CL	31602
-33.80	-70.74	CL	32766
-34.63	-71.36	CL	33283
-33.01	-71.26	CL	35876
-35.33	-72.41	CL	37917
-34.40	-70.85	CL	38100
-37.79	-72.71	CL	44856
-28.57	-70.75	CL	44895
-45.57	-72.06	CL	45787
-36.74	-72.99	CL	46091
-36.61	-72.95	CL	46698
-32.78	-71.21	CL	49106
-37.08	-73.15	CL	49763
-33.66	-70.92	CL	51764
-20.28	-70.12	CL	51896
-33.73	-70.74	CL	55441
-32.83	-70.59	CL	56859
-32.74	-70.72	CL	59294
-33.68	-71.21	CL	63100
-33.60	-70.87	CL	65495
-32.88	-71.24	CL	67779
-35.84	-71.59	CL	69535
-30.60	-71.19	CL	77138
-36.92	-73.02	CL	82545
-33.59	-71.60	CL	85651
-37.03	-73.14	CL	92940
-33.04	-71.37	CL	97320
-34.98	-71.23	CL	102438
-33.44	-70.72	CL	104316
-20.26	-70.10	CL	108375
-53.15	-70.91	CL	117430
-37.46	-72.35	CL	125430
-27.36	-70.33	CL	129280
-33.04	-71.44	CL	130263
-39.81	-73.24	CL	133419
-40.57	-73.13	CL	135773
-22.45	-68.92	CL	143084
4.96	10.7	CM	16036
3.76	9.98	CM	19243
5.75	9.31	CM	20350
4.63	9.67	CM	21367
3.23	10.73	CM	22252
8.40	14.16	CM	23187
4.60	9.04	CM	23975
3.98	11.6	CM	24110
4.93	13.3	CM	24359
4.74	9.67	CM	24384
3.98	13.18	CM	24433
10.84	14.93	CM	24492
10.13	14.70	CM	24554
4.45	8.90	CM	24741
4.23	9.61	CM	24994
2.38	11.28	CM	25052
6.08	10.1	CM	25563
6.63	10.66	CM	26816
5.15	10.01	CM	27038
4.58	9.66	CM	27130
12.77	14.55	CM	27208
5.88	10.01	CM	27473
4.51	12.03	CM	27677
3.65	10.76	CM	27928
4.68	12.36	CM	28518
7.77	15.35	CM	28987
4.45	11.9	CM	29281
3.76	12.25	CM	30078
5.95	11.21	CM	30931
9.75	13.96	CM	31550
5.37	10.41	CM	31750
10.73	14.60	CM	32830
10.10	14.45	CM	32853
3.51	15.05	CM	32900
9.05	13.66	CM	33564
9.38	13.50	CM	33610
9.30	13.39	CM	34957
9.02	13.18	CM	35199
6.46	12.62	CM	35673
5.98	10.43	CM	40152
6.5	13.26	CM	40328
4.84	9.82	CM	41740
6.38	10.06	CM	42457
5.46	9.88	CM	42689
6.25	10.26	CM	43509
5.14	10.52	CM	43694
4.28	9.41	CM	43749
4.50	9.56	CM	44155
6.25	10.43	CM	44443
4.16	11.53	CM	45321
5.88	14.55	CM	46615
6.75	11.81	CM	47936
4.43	14.36	CM	49422
10.74	13.80	CM	51999
5.15	10.17	CM	54505
4.71	9.73	CM	58554
10.34	15.23	CM	59069
6.51	14.3	CM	59426
11.04	14.14	CM	61523
4.09	9.31	CM	64054
5.62	10.25	CM	71867
4.75	11.23	CM	74050
5.50	10.63	CM	74319
5.12	9.96	CM	76716
2.93	11.98	CM	80036
9.93	13.94	CM	81608
3.51	11.5	CM	82384
2.93	9.90	CM	93482
4.07	9.36	CM	94836
5.44	10.05	CM	99582
2.9	11.15	CM	101363
3.8	10.13	CM	103861
6.2	10.66	CM	125124
5.72	10.89	CM	130287
4.02	9.20	CM	131381
4.57	13.68	CM	137993
12.07	15.03	CM	139024
4.15	9.24	CM	140533
4.95	9.94	CM	162309
4.63	9.44	CM	225046
7.32	13.58	CM	238196
10.59	14.31	CM	314122
5.47	10.41	CM	373268
5.95	10.14	CM	420445
3.86	11.51	CM	1299369
26.64	106.63	CN	0
34.60	105.11	CN	15165
44.39	131.14	CN	15183
47.87	86.98	CN	15187
29.57	108.61	CN	15205
29.73	105.97	CN	15213
28.63	108.50	CN	15220
46.51	88.53	CN	15253
31.45	108.49	CN	15261
34.68	105.81	CN	15276
29.33	107.47	CN	15286
30.77	109.25	CN	15335
30.82	108.02	CN	15338
22.44	99.80	CN	15380
33.51	105.18	CN	15397
43.93	81.69	CN	15427
29.76	106.69	CN	15451
31.15	108.31	CN	15452
30.07	108.11	CN	15466
22.33	100.17	CN	15483
30.83	109.50	CN	15497
31.31	109.55	CN	15517
29.39	108.06	CN	15522
29.51	106.98	CN	15527
21.76	109.03	CN	15549
34.85	106.00	CN	15555
29.68	105.50	CN	15669
29.95	105.75	CN	15743
29.69	108.43	CN	15797
38.65	77.46	CN	15846
30.40	108.35	CN	15869
29.67	106.49	CN	15923
23.00	100.11	CN	15980
34.06	103.21	CN	15993
39.23	122.72	CN	16071
29.54	105.81	CN	16072
29.61	105.89	CN	16103
34.82	104.75	CN	16103
33.59	104.84	CN	16121
34.95	105.33	CN	16156
34.03	105.03	CN	16160
22.99	99.63	CN	16180
29.52	107.20	CN	16197
34.76	105.79	CN	16220
32.74	105.24	CN	16247
33.53	104.81	CN	16272
33.65	105.65	CN	16273
29.64	106.06	CN	16277
31.30	109.63	CN	16304
30.73	108.27	CN	16331
24.75	98.48	CN	16336
30.28	106.47	CN	16363
30.08	105.85	CN	16368
34.82	105.03	CN	16390
37.32	79.55	CN	16400
38.62	77.27	CN	16413
43.64	111.97	CN	16427
29.46	106.77	CN	16461
30.32	105.77	CN	16463
36.89	79.62	CN	16505
29.39	106.81	CN	16518
28.29	108.95	CN	16530
33.73	105.38	CN	16550
35.02	106.13	CN	16592
30.30	107.41	CN	16605
38.32	106.36	CN	16723
25.91	109.17	CN	16737
34.91	105.08	CN	16753
23.12	100.00	CN	16754
25.96	108.92	CN	16773
30.59	108.81	CN	16790
31.12	109.96	CN	16794
39.21	101.66	CN	16798
33.37	104.95	CN	16816
26.48	107.91	CN	16859
30.65	108.19	CN	16889
41.96	101.06	CN	16927
25.80	109.21	CN	16928
29.90	107.63	CN	16951
38.48	77.54	CN	16951
43.89	81.30	CN	17015
29.03	106.97	CN	17053
31.39	109.30	CN	17065
30.74	107.81	CN	17098
26.73	107.98	CN	17141
5.46	-74.65	CO	15019
1.60	-77.13	CO	15061
6.11	-75.98	CO	15097
7.95	-73.94	CO	15353
4.93	-75.73	CO	15455
10.45	-74.87	CO	15631
5.17	-72.54	CO	15669
10.32	-74.96	CO	15760
3.93	-76.48	CO	15763
5.96	-75.96	CO	15782
2.02	-75.75	CO	15913
6.04	-75.90	CO	16095
2.11	-75.82	CO	16108
9.03	-75.78	CO	16215
9.23	-75.67	CO	16264
8.36	-72.40	CO	16275
5.65	-75.87	CO	16419
0.87	-77.64	CO	16431
10.39	-75.15	CO	16518
5.25	-75.15	CO	16532
1.50	-77.21	CO	16653
4.09	-72.95	CO	16678
5.13	-74.15	CO	16698
8.95	-73.62	CO	16800
5.26	-76.56	CO	17000
4.86	-74.90	CO	17197
5.87	-74.64	CO	17231
9.80	-74.39	CO	17470
7.00	-73.90	CO	17597
5.78	-75.42	CO	17599
4.25	-73.56	CO	17610
8.87	-75.62	CO	17623
6.69	-73.51	CO	17638
5.15	-75.03	CO	17668
6.13	-75.26	CO	17722
1.67	-75.28	CO	17775
8.55	-74.26	CO	17939
6.28	-75.33	CO	18051
5.40	-75.48	CO	18076
4.17	-76.16	CO	18132
8.92	-75.02	CO	18181
10.02	-74.62	CO	18208
10.44	-75.36	CO	18375
9.49	-73.97	CO	18434
10.33	-73.18	CO	18531
4.95	-77.36	CO	18561
8.27	-73.86	CO	18678
10.60	-72.97	CO	18699
2.51	-76.84	CO	18761
5.92	-75.67	CO	18790
10.82	-75.03	CO	18828
6.31	-76.13	CO	18846
2.04	-77.21	CO	18910
5.42	-75.70	CO	18950
3.52	-75.64	CO	19090
10.44	-74.95	CO	19233
2.39	-75.89	CO	19275
5.13	-75.14	CO	19311
10.61	-74.26	CO	19345
6.01	-73.67	CO	19376
10.77	-74.85	CO	19454
3.76	-76.33	CO	19637
2.95	-76.69	CO	19690
10.89	-74.88	CO	19732
6.69	-72.73	CO	19884
1.38	-77.15	CO	19951
3.72	-75.48	CO	19982
8.75	-76.52	CO	19992
9.45	-75.43	CO	20033
-0.19	-74.78	CO	20045
6.77	-76.13	CO	20156
9.16	-75.04	CO	20239
5.93	-73.61	CO	20372
8.00	-73.51	CO	20452
4.23	-75.23	CO	20452
9.70	-73.27	CO	20477
5.30	-73.81	CO	20485
5.16	-75.52	CO	20495
4.40	-74.38	CO	20581
7.75	-76.65	CO	20627
5.00	-74.47	CO	20689
6.05	-75.50	CO	20700
5.61	-75.45	CO	20712
5.97	-75.36	CO	20769
5.87	-73.57	CO	20848
9.87	-84.07	CR	15051
10.15	-85.45	CR	15313
9.87	-84.08	CR	15469
9.99	-84.66	CR	15575
9.95	-84.08	CR	15875
9.90	-84.00	CR	16991
10.09	-83.50	CR	18231
10.21	-83.78	CR	19092
10.43	-85.09	CR	20306
9.94	-84.06	CR	20710
9.99	-84.09	CR	21662
10.00	-84.11	CR	21947
9.74	-84.23	CR	22433
9.88	-84.03	CR	23983
9.90	-84.10	CR	24985
9.92	-84.13	CR	25410
9.86	-84.09	CR	25874
9.94	-84.05	CR	26005
10.00	-84.13	CR	26007
9.96	-84.07	CR	26047
9.98	-84.77	CR	26354
9.86	-83.91	CR	26594
9.96	-84.01	CR	26669
10.32	-84.43	CR	27310
9.83	-84.29	CR	27419
9.92	-84.05	CR	27477
9.87	-84.06	CR	28827
9.90	-83.68	CR	28955
9.95	-84.03	CR	30034
10.95	-85.13	CR	31430
9.96	-84.04	CR	34447
9.96	-84.04	CR	34447
9.91	-84.03	CR	34586
9.36	-83.69	CR	34877
9.97	-84.83	CR	35650
9.83	-83.86	CR	39702
10.63	-85.43	CR	45380
10.01	-84.21	CR	47494
9.99	-84.12	CR	55923
9.99	-83.03	CR	63081
9.93	-84.08	CR	335007
21.68	-78.62	CU	15268
22.80	-82.58	CU	15275
22.20	-84.08	CU	16548
21.73	-78.79	CU	16601
22.27	-80.56	CU	16711
20.14	-77.43	CU	16713
21.23	-77.52	CU	16856
21.77	-79.26	CU	16937
20.96	-76.29	CU	17804
21.94	-78.43	CU	17934
22.92	-82.38	CU	18123
20.58	-75.24	CU	18282
23.15	-81.92	CU	18402
20.25	-76.53	CU	18408
20.04	-77.58	CU	18771
22.34	-80.55	CU	19212
21.94	-79.16	CU	19644
22.14	-78.97	CU	19811
22.90	-83.15	CU	19834
22.10	-79.72	CU	19991
23.15	-81.24	CU	20000
20.98	-77.42	CU	20096
23.04	-82.00	CU	20207
21.88	-82.80	CU	20264
21.85	-78.11	CU	20274
21.48	-77.61	CU	20863
20.55	-76.47	CU	21159
21.24	-77.82	CU	21169
22.41	-80.29	CU	22602
22.24	-80.39	CU	23078
22.53	-80.91	CU	23255
22.38	-80.84	CU	23606
20.55	-76.91	CU	23737
22.76	-81.01	CU	24073
22.19	-78.91	CU	24114
22.34	-80.27	CU	24906
20.23	-77.27	CU	25069
22.92	-82.68	CU	25258
22.95	-81.41	CU	25421
22.58	-83.24	CU	25703
20.36	-75.01	CU	25753
22.61	-79.86	CU	26155
20.64	-75.92	CU	26527
22.72	-81.28	CU	26761
22.61	-83.70	CU	27129
21.10	-76.13	CU	27603
20.24	-74.15	CU	28276
22.87	-82.42	CU	28796
20.27	-76.95	CU	28944
22.98	-82.75	CU	28987
22.01	-78.70	CU	29560
21.25	-78.14	CU	29704
22.79	-81.53	CU	33646
22.91	-81.85	CU	33798
22.49	-79.54	CU	34108
22.58	-83.94	CU	34419
20.71	-77.99	CU	34601
22.97	-82.38	CU	35241
22.48	-79.75	CU	35515
21.87	-79.84	CU	38248
22.15	-80.20	CU	38687
22.51	-79.46	CU	39140
21.05	-77.34	CU	39358
22.64	-80.04	CU	40142
20.36	-76.42	CU	41106
20.81	-77.57	CU	41523
22.15	-79.97	CU	41532
22.32	-79.23	CU	42218
20.73	-76.32	CU	42623
22.89	-82.50	CU	42724
22.37	-80.15	CU	43695
20.60	-76.13	CU	43892
23.12	-82.33	CU	44431
22.07	-79.49	CU	44515
22.58	-80.24	CU	45476
22.98	-82.54	CU	45768
22.80	-81.19	CU	47164
20.34	-74.49	CU	48362
20.90	-77.28	CU	49403
21.16	-76.47	CU	51002
22.98	-80.58	CU	51881
20.16	-76.94	CU	53024
20.96	-75.72	CU	53104
21.54	-77.26	CU	54022
22.52	-81.12	CU	54363
15.1	-23.68	CV	21297
16.75	-22.94	CV	24500
16.89	-24.98	CV	69013
14.93	-23.51	CV	137868
12.12	-68.88	CW	125000
-10.42	105.67	CX	500
34.72	33.08	CY	17325
35.01	34.05	CY	20230
35.16	33.88	CY	20502
35.15	33.39	CY	21543
34.94	33.58	CY	22934
34.69	32.99	CY	23231
35.19	32.99	CY	24070
35.33	33.31	CY	26701
34.77	32.42	CY	35961
35.11	33.32	CY	40000
35.12	33.94	CY	42526
35.14	33.33	CY	67904
34.92	33.62	CY	72000
34.68	33.03	CY	154000
35.17	33.36	CY	200452
50.38	13.18	CZ	15040
50.23	14.08	CZ	15070
49.97	16.39	CZ	15151
50.18	14.66	CZ	15398
50.11	14.50	CZ	15581
50.54	13.77	CZ	15738
50.13	14.51	CZ	15862
50.91	14.61	CZ	15895
50.43	15.81	CZ	16150
49.78	14.68	CZ	16257
50.43	15.35	CZ	16328
50.25	14.51	CZ	16427
50.10	13.73	CZ	16473
49.43	15.22	CZ	16541
49.90	16.44	CZ	16655
50.30	12.93	CZ	17206
49.45	18.14	CZ	17238
50.24	14.31	CZ	17373
49.75	16.46	CZ	17427
49.02	17.64	CZ	17508
49.96	14.07	CZ	17550
49.98	17.46	CZ	17686
50.03	14.41	CZ	18740
50.38	13.26	CZ	18759
49.20	17.53	CZ	18857
50.35	13.79	CZ	19147
50.35	14.47	CZ	19231
49.54	17.73	CZ	19582
50.32	13.54	CZ	19607
49.36	16.64	CZ	20384
49.56	15.93	CZ	20847
50.49	13.44	CZ	21056
50.41	16.16	CZ	21263
49.94	15.26	CZ	21280
50.10	14.57	CZ	21500
49.27	16.99	CZ	22265
49.14	15.00	CZ	22812
49.91	18.33	CZ	23034
49.90	18.35	CZ	23075
49.39	13.29	CZ	23102
49.59	18.14	CZ	23424
49.26	13.90	CZ	23545
49.95	15.79	CZ	23630
49.60	15.57	CZ	24356
50.53	14.13	CZ	24489
50.18	12.64	CZ	24901
50.08	17.70	CZ	25547
49.74	18.62	CZ	25750
48.75	16.88	CZ	25789
48.84	17.13	CZ	26345
49.06	17.45	CZ	26421
49.59	18.01	CZ	26547
50.60	13.61	CZ	27022
49.47	17.97	CZ	27481
49.33	17.99	CZ	28575
49.96	16.97	CZ	28768
49.29	17.39	CZ	29126
50.02	15.19	CZ	29690
49.30	14.14	CZ	29774
50.56	15.91	CZ	31398
50.10	14.47	CZ	31756
50.01	14.40	CZ	31901
50.07	12.37	CZ	33242
49.84	18.43	CZ	34282
49.68	14.01	CZ	35251
48.85	16.04	CZ	35280
49.41	14.65	CZ	36264
49.67	18.67	CZ	38415
49.21	15.88	CZ	38785
50.68	14.53	CZ	38841
50.41	14.90	CZ	43684
50.72	15.17	CZ	44878
50.23	12.87	CZ	45500
49.45	17.45	CZ	47311
49.47	17.11	CZ	47374
49.39	15.59	CZ	50108
50.46	13.41	CZ	50251
50.64	13.82	CZ	51223
50.78	14.21	CZ	52058
50.08	14.45	CZ	57300
49.68	18.35	CZ	59416
49.93	17.90	CZ	60252
49.85	18.54	CZ	63677
50.14	14.10	CZ	66903
50.50	13.63	CZ	67905
47.70	12.10	DE	0
51.23	14.02	DE	0
49.75	6.63	DE	0
48.07	8.64	DE	15040
49.28	9.68	DE	15070
49.07	9.06	DE	15083
50.93	6.99	DE	15108
49.89	8.84	DE	15168
51.78	8.81	DE	15175
51.78	7.61	DE	15184
50.93	8.42	DE	15184
49.09	8.39	DE	15189
53.61	10.01	DE	15227
50.90	7.40	DE	15231
51.37	12.73	DE	15233
48.93	9.20	DE	15235
50.93	6.97	DE	15238
51.79	7.73	DE	15260
50.32	10.20	DE	15261
51.66	9.37	DE	15266
49.96	9.77	DE	15272
50.31	8.5	DE	15276
49.56	9.70	DE	15278
53.05	9.01	DE	15286
48.24	11.65	DE	15303
49.38	11.35	DE	15312
51.44	6.26	DE	15325
51.80	10.33	DE	15345
49.64	8.45	DE	15348
49.83	8.74	DE	15367
50.96	6.92	DE	15430
53.01	13.99	DE	15453
51.2	6.21	DE	15487
49.40	7.16	DE	15503
52.30	7.15	DE	15508
53.10	8.46	DE	15567
48.93	9.25	DE	15604
47.57	10.70	DE	15608
51.62	12.32	DE	15608
51.03	7.11	DE	15619
49.46	8.99	DE	15624
52.14	8.48	DE	15625
48.41	9.90	DE	15643
50.6	6.3	DE	15646
49.3	6.93	DE	15647
50.17	8.47	DE	15661
51.96	12.08	DE	15680
53.16	7.35	DE	15718
48.91	11.88	DE	15723
48.67	9.37	DE	15728
52.31	8.33	DE	15732
54.23	10.27	DE	15768
49.36	7.13	DE	15780
51.35	8.48	DE	15814
47.87	11.91	DE	15851
47.91	7.69	DE	15908
47.84	12.98	DE	15909
48.71	9.52	DE	15919
53.95	10.73	DE	15921
51.65	11.51	DE	15949
51.65	9.63	DE	15951
51.81	8.65	DE	15962
51.79	10.95	DE	15963
49.4	6.7	DE	15983
51.30	13.10	DE	16000
53.55	9.88	DE	16009
51.33	6.34	DE	16016
53.06	8.2	DE	16019
47.67	9.17	DE	16021
52.52	8.19	DE	16024
49.97	8.34	DE	16043
53.58	9.76	DE	16051
53.94	10.30	DE	16052
51.34	9.85	DE	16055
47.75	11.37	DE	16079
51.61	8.33	DE	16081
51.24	6.18	DE	16105
50.54	9.71	DE	16124
49.98	9.57	DE	16127
52.43	8.61	DE	16140
48.56	11.26	DE	16143
53.33	8.48	DE	16150
50.53	12.78	DE	16168
52.52	13.68	DE	16170
54.10	10.81	DE	16176
11.96	43.28	DJ	15429
11.52	42.85	DJ	17477
11.78	42.88	DJ	19533
11.10	42.36	DJ	32801
11.15	42.71	DJ	50006
11.58	43.14	DJ	626512
55.67	11.08	DK	16211
55.50	9.73	DK	16277
55.04	9.41	DK	16401
54.93	8.86	DK	16401
55.62	12.38	DK	16515
55.87	12.34	DK	16741
55.83	12.06	DK	16850
55.53	12.22	DK	17337
55.31	10.78	DK	17525
55.00	11.91	DK	17868
55.61	12.35	DK	19453
54.76	11.87	DK	19976
55.76	12.19	DK	19998
55.64	12.41	DK	20000
56.56	9.02	DK	20190
55.80	12.36	DK	20312
55.84	12.42	DK	20877
55.24	9.48	DK	22011
57.44	10.53	DK	22672
55.44	11.79	DK	23086
55.66	12.40	DK	23128
57.05	9.92	DK	23718
57.46	9.98	DK	25644
55.87	12.35	DK	25867
55.05	10.60	DK	27300
54.90	9.78	DK	27766
55.71	11.71	DK	29608
55.65	12.36	DK	30000
55.40	11.35	DK	31896
56.36	8.61	DK	32072
56.03	12.61	DK	35048
55.65	12.30	DK	35238
55.92	12.30	DK	35357
55.68	12.48	DK	37115
55.45	12.18	DK	38304
55.75	12.57	DK	40000
55.73	12.36	DK	40000
55.68	12.45	DK	40652
55.56	9.75	DK	40886
56.45	9.40	DK	41239
55.22	11.76	DK	44331
55.66	12.51	DK	46161
55.77	9.70	DK	47099
55.58	12.3	DK	47671
55.88	12.50	DK	47680
56.16	9.54	DK	49747
56.13	8.97	DK	50565
55.64	12.08	DK	51916
55.65	12.47	DK	53527
55.70	9.53	DK	60231
55.86	9.85	DK	61074
55.49	9.47	DK	61638
56.46	10.03	DK	62802
55.47	8.45	DK	71698
55.67	12.53	DK	95029
57.04	9.91	DK	142937
55.39	10.38	DK	180863
56.15	10.21	DK	285273
55.67	12.56	DK	1153615
15.30	-61.38	DM	16571
18.80	-69.78	DO	15532
19.47	-71.34	DO	16380
19.54	-71.70	DO	16398
18.94	-69.79	DO	16834
19.84	-71.64	DO	17001
18.55	-69.40	DO	17694
18.48	-71.41	DO	18670
18.46	-69.89	DO	18756
19.73	-70.59	DO	19029
19.66	-70.76	DO	20154
18.75	-69.63	DO	21055
18.54	-70.50	DO	21148
18.87	-71.51	DO	21802
19.48	-70.61	DO	23304
18.76	-69.03	DO	23547
18.48	-69.9	DO	28621
18.90	-70.74	DO	29481
19.11	-70.63	DO	29983
19.56	-70.87	DO	33137
19.38	-69.84	DO	33862
18.76	-69.25	DO	35999
18.67	-70.17	DO	40027
19.05	-70.14	DO	41641
19.58	-70.98	DO	42169
19.37	-70.41	DO	45299
18.45	-69.6	DO	46300
19.55	-71.07	DO	48297
18.48	-69.88	DO	50185
18.45	-70.73	DO	59139
19.39	-70.52	DO	61834
18.27	-70.33	DO	66709
18.41	-70.03	DO	66784
18.80	-71.22	DO	72950
18.93	-70.40	DO	73269
18.20	-71.10	DO	77160
18.58	-68.40	DO	100023
19.22	-70.52	DO	102426
18.61	-68.70	DO	123787
19.30	-70.25	DO	124763
19.79	-70.68	DO	146000
18.41	-70.1	DO	154040
18.45	-69.94	DO	175683
18.42	-68.97	DO	208437
18.45	-69.30	DO	217899
18.48	-69.85	DO	700000
18.5	-70	DO	701269
19.45	-70.69	DO	1200000
18.47	-69.89	DO	2201941
36.46	4.50	DZ	15030
36.58	2.44	DZ	15180
36.74	3.83	DZ	15387
36.72	3.55	DZ	16180
35.36	-0.51	DZ	16548
36.70	3.02	DZ	16812
36.63	3.37	DZ	17481
36.71	2.84	DZ	17563
36.67	4.19	DZ	17872
36.66	3.59	DZ	18414
33.09	1.26	DZ	19084
36.83	7.45	DZ	19294
35.39	-1.09	DZ	19415
36.63	3.69	DZ	19522
36.27	4.85	DZ	19782
34.87	-1.42	DZ	19808
36.54	4.68	DZ	19884
36.57	3.00	DZ	19901
35.72	-0.70	DZ	20178
36.36	4.32	DZ	20556
36.80	4.15	DZ	20557
36.74	3.90	DZ	20952
33.08	6.38	DZ	21000
36.55	2.79	DZ	21146
35.07	-1.22	DZ	21283
36.6	4.61	DZ	21585
36.56	4.85	DZ	21700
35.72	0.75	DZ	21770
36.08	4.45	DZ	22117
36.12	0.89	DZ	22366
36.54	4.05	DZ	22404
35.45	0.68	DZ	22819
36.45	7.51	DZ	23022
34.68	6.51	DZ	23187
36.46	2.73	DZ	23218
35.85	5.29	DZ	23339
35.06	-1.13	DZ	23543
36.79	4.31	DZ	23958
36.41	1.19	DZ	24022
26.96	1.08	DZ	24812
36.52	6.26	DZ	25129
33.56	6.70	DZ	25210
36.18	5.31	DZ	25315
34.90	-1.03	DZ	25377
35.97	4.18	DZ	25701
36.45	6.63	DZ	25764
36.64	4.90	DZ	25825
35.37	-0.96	DZ	25912
36.67	4.85	DZ	26050
36.80	7.73	DZ	26060
35.93	3.41	DZ	26077
36.60	3.98	DZ	26142
35.57	-0.89	DZ	26144
36.40	5.94	DZ	26176
36.11	6.35	DZ	26248
36.65	3.98	DZ	26261
36.91	3.91	DZ	26384
35.52	-1.01	DZ	26407
34.95	-1.36	DZ	26515
36.74	4.37	DZ	26515
36.46	1.30	DZ	26558
34.89	3.48	DZ	26605
35.63	3.22	DZ	26670
34.5	3.76	DZ	26857
36.92	6.58	DZ	27177
36.26	1.68	DZ	27185
36.31	7.16	DZ	27441
35.86	1.11	DZ	27530
36.54	3.11	DZ	27573
35.31	-0.05	DZ	27576
35.87	2.02	DZ	27628
34.62	2.79	DZ	27700
35.01	-1.74	DZ	27742
36.76	2.95	DZ	27835
35.23	-0.24	DZ	27914
36.58	3.77	DZ	27974
36.56	4.30	DZ	28029
36.76	7.90	DZ	28398
35.09	-1.85	DZ	28433
35.44	7.95	DZ	28536
36.51	6.32	DZ	28551
36.46	2.68	DZ	28552
36.06	1.12	DZ	28652
35.67	3.88	DZ	28728
36.53	6.71	DZ	28764
-4.06	-78.95	EC	15276
-1.27	-80.41	EC	15286
-1.79	-79.28	EC	15547
-0.95	-78.69	EC	16168
-0.94	-79.22	EC	16450
-1.32	-78.54	EC	16572
-4.32	-79.55	EC	16862
-3.68	-79.68	EC	16981
-2.89	-78.77	EC	17122
-0.99	-77.81	EC	17172
-0.84	-80.16	EC	17286
0.33	-78.21	EC	17456
-1.04	-80.65	EC	18351
-3.98	-79.35	EC	18565
1.28	-78.83	EC	20209
-0.69	-77.14	EC	20313
-1.59	-79.00	EC	22199
-1.81	-80.23	EC	23372
-2.30	-78.11	EC	23687
-1.96	-79.72	EC	24118
0.08	-76.89	EC	24211
-1.48	-78.00	EC	24881
-0.51	-78.56	EC	25742
0.04	-78.14	EC	26582
-2.09	-79.69	EC	27947
-2.63	-80.38	EC	30564
-2.67	-79.61	EC	32045
-1.93	-79.96	EC	32282
0.23	-78.26	EC	32330
-1.55	-79.75	EC	32497
-2.16	-79.46	EC	34206
-2.73	-78.84	EC	34877
-1.34	-80.57	EC	35901
-2.42	-79.33	EC	36353
-0.59	-80.42	EC	37056
-1.44	-79.45	EC	38168
-3.47	-80.23	EC	39757
-1.36	-79.90	EC	40115
-3.44	-79.95	EC	41816
0.32	-79.47	EC	42121
-2.22	-80.85	EC	42214
-2.21	-80.95	EC	43862
-0.69	-80.09	EC	44751
-3.32	-79.80	EC	44860
-0.46	-76.98	EC	48144
-1.04	-79.63	EC	48754
-2.23	-80.91	EC	75881
-1.80	-79.53	EC	76279
0.81	-77.71	EC	86498
-2.13	-79.59	EC	133508
-1.86	-79.97	EC	173684
-0.93	-78.61	EC	205624
-1.02	-79.46	EC	213842
0.95	-79.65	EC	218727
0.35	-78.12	EC	221149
-1.67	-78.64	EC	264048
-0.96	-80.71	EC	264281
-3.99	-79.20	EC	274112
-3.25	-79.96	EC	289141
-2.17	-79.85	EC	315724
-1.05	-80.45	EC	321800
-1.24	-78.61	EC	387309
-0.25	-79.17	EC	458580
-2.90	-79.00	EC	636996
-2.19	-79.88	EC	2723665
-0.22	-78.52	EC	2781641
59.46	24.98	EE	16630
58.36	25.59	EE	17407
59.39	27.27	EE	35395
59.37	24.68	EE	39422
58.38	24.49	EE	40228
59.37	28.19	EE	54409
58.38	26.72	EE	91407
59.43	24.75	EE	394024
28.34	28.86	EG	15653
24.90	32.88	EG	16190
31.55	25.15	EG	16545
28.08	30.81	EG	17470
31.35	31.68	EG	18120
26.12	32.09	EG	18194
30.84	29.38	EG	18407
30.18	31.10	EG	19185
31.40	26.58	EG	19768
25.75	32.67	EG	20000
30.94	31.52	EG	20389
31.28	31.67	EG	20470
25.19	32.67	EG	21610
27.20	31.19	EG	22435
30.90	29.55	EG	22444
30.90	32.02	EG	22543
30.66	30.07	EG	23282
25.66	32.63	EG	23550
29.38	30.55	EG	23965
25.99	32.81	EG	24010
31.24	30.94	EG	24254
30.56	31.93	EG	24364
26.10	34.27	EG	24653
29.20	25.51	EG	25031
28.69	30.76	EG	26092
31.01	33.00	EG	26330
31.21	34.11	EG	26713
25.90	32.72	EG	26774
25.48	28.97	EG	26820
29.40	31.25	EG	26943
31.20	31.63	EG	26955
31.02	28.44	EG	27697
30.57	30.71	EG	28091
31.21	31.05	EG	28136
31.23	31.65	EG	29286
26.96	31.37	EG	30228
25.58	32.53	EG	30780
30.54	31.24	EG	30948
30.97	31.87	EG	30969
31.32	31.76	EG	31240
30.85	32.31	EG	31808
31.07	31.49	EG	31921
30.97	30.95	EG	32043
29.03	31.11	EG	32278
30.56	32.11	EG	32763
30.93	31.69	EG	32840
25.15	32.71	EG	32920
30.13	31.71	EG	32940
26.65	31.67	EG	34273
31.18	30.52	EG	34660
26.08	32.42	EG	34723
30.31	32.30	EG	35066
30.28	31.20	EG	36225
28.91	30.85	EG	37260
31.50	31.84	EG	37953
26.27	32.05	EG	38008
31.61	25.92	EG	38253
28.24	33.62	EG	38285
27.91	34.32	EG	38478
25.73	32.63	EG	38871
30.37	30.35	EG	41186
31.02	30.71	EG	41233
30.53	31.67	EG	43001
31.32	31.71	EG	43400
31.29	30.52	EG	43899
31.28	34.23	EG	44215
31.10	30.64	EG	44482
30.79	31.62	EG	44529
31.27	30.78	EG	44709
28.35	33.07	EG	44852
31.16	31.76	EG	44905
29.60	32.31	EG	45552
29.61	31.25	EG	45793
30.74	31.12	EG	45813
30.88	29.57	EG	45865
27.95	30.78	EG	46060
30.54	31.78	EG	46962
30.94	31.29	EG	47013
31.40	31.73	EG	47198
31.16	31.80	EG	48166
31.04	30.85	EG	48233
30.86	31.91	EG	50651
30.62	31.08	EG	50924
31.55	31.08	EG	51280
30.35	31.20	EG	52593
26.13	-14.48	EH	42651
23.68	-15.95	EH	75000
27.14	-13.18	EH	196331
15.10	37.59	ER	15891
14.88	38.81	ER	17781
13.00	42.73	ER	21300
15.60	39.47	ER	23100
14.30	36.60	ER	46100
15.77	38.45	ER	74800
15.33	38.93	ER	563930
39.40	-3.12	ES	15006
40.38	-5.76	ES	15007
38.09	-1.79	ES	15022
36.84	-2.94	ES	15035
40.49	-3.96	ES	15087
41.43	2.16	ES	15147
39.56	-0.33	ES	15210
41.37	2.18	ES	15212
41.14	1.39	ES	15272
38.27	-3.61	ES	15306
41.58	2.54	ES	15307
39.42	-0.39	ES	15313
38.96	-3.89	ES	15316
38.06	-1.04	ES	15319
41.69	2.71	ES	15345
41.52	1.75	ES	15362
37.22	-3.68	ES	15399
37.18	-3.71	ES	15430
43.29	-7.68	ES	15437
39.4	-0.41	ES	15443
41.54	2.26	ES	15509
40.61	0.6	ES	15511
38.94	-3.23	ES	15523
39.22	-0.52	ES	15527
41.43	2.16	ES	15554
41.41	2.14	ES	15571
41.44	2.17	ES	15633
40.00	-3.00	ES	15651
28.68	-17.76	ES	15674
37.74	-0.85	ES	15674
41.38	2.06	ES	15811
40.58	-4.12	ES	15842
41.38	2.17	ES	15876
41.37	2.14	ES	15954
43.53	-5.88	ES	15955
43.32	-1.92	ES	15990
41.61	2.28	ES	16023
39.97	0.01	ES	16026
39.20	-2.15	ES	16060
28.09	-16.61	ES	16179
43.35	-2.84	ES	16209
40.10	-3.69	ES	16231
38.90	-6.61	ES	16236
43.66	-7.59	ES	16238
43.31	-2.68	ES	16244
43.18	-2.50	ES	16252
37.99	-3.47	ES	16253
37.46	-6.01	ES	16301
38.09	-0.65	ES	16329
37.13	-3.67	ES	16369
36.98	-5.93	ES	16379
41.05	-0.13	ES	16392
38.42	-6.41	ES	16424
43.36	-1.79	ES	16458
41.39	2.12	ES	16532
41.64	1.13	ES	16539
41.63	2.35	ES	16596
41.79	0.81	ES	16779
40.44	-4.00	ES	16804
41.68	2.48	ES	16860
41.63	2.16	ES	16885
36.75	-3.95	ES	16890
42.03	0.12	ES	16924
43.42	-2.72	ES	16937
38.04	-1.49	ES	16941
36.67	-5.44	ES	16979
42.64	-5.55	ES	17013
42.44	-8.68	ES	17018
41.91	0.19	ES	17042
37.23	-3.65	ES	17089
37.38	-6.05	ES	17150
27.75	-15.57	ES	17158
42.10	1.84	ES	17160
42.81	-1.66	ES	17163
39.89	-5.54	ES	17228
39.87	3.01	ES	17260
42.04	-8.64	ES	17262
42.06	2.25	ES	17305
41.07	1.17	ES	17305
42.39	-8.80	ES	17315
42.12	-1.13	ES	17331
42.16	-8.61	ES	17475
41.57	2.23	ES	17632
37.38	-1.94	ES	17645
28.31	-16.41	ES	17662
8.45	39.28	ET	17120
5.75	45.64	ET	18000
6.50	45.83	ET	20000
11.08	36.88	ET	20100
10.85	37.01	ET	20400
5.78	38.40	ET	20500
10.58	39.43	ET	20600
12.01	39.63	ET	20679
8.1	36.95	ET	20700
9.03	38.4	ET	20900
9.40	41.56	ET	20900
10.25	37.93	ET	20900
7.3	38.65	ET	21100
10.65	36.21	ET	21300
8.31	39.48	ET	21300
13.94	38.18	ET	21400
11.42	40.76	ET	21700
9.88	36.61	ET	21800
7.34	37.95	ET	21800
14.20	36.75	ET	21800
14.27	39.15	ET	21800
6.44	45.98	ET	22000
9.15	43.35	ET	22000
6.41	39.85	ET	22100
11.60	40.01	ET	22400
6.31	38.26	ET	22800
9.32	39.29	ET	22900
9.6	37.83	ET	22900
7.45	37.63	ET	22900
6.34	45.47	ET	23000
5.96	41.03	ET	23000
13.95	40.66	ET	23000
6.08	38.03	ET	23100
11.21	38.36	ET	23200
7.61	39.5	ET	23200
9.01	37.45	ET	23300
8.9	39.91	ET	23403
10.08	39.03	ET	23500
8.3	38.95	ET	23700
10.64	36.94	ET	23900
9.57	43.18	ET	24000
6.88	46.21	ET	24000
11.28	36.21	ET	24100
9.21	41.1	ET	24200
7.15	37.17	ET	24300
13.73	36.45	ET	24500
10.92	39.78	ET	24500
6.83	38.08	ET	24600
10.85	36.89	ET	24800
10.85	36.88	ET	24800
10.31	39.65	ET	24900
7.75	39.15	ET	24900
9.40	42.31	ET	25000
6.41	45.85	ET	25090
14.23	37	ET	25300
14.18	39.56	ET	25400
9.50	42.61	ET	25400
7.85	38.18	ET	25400
9.15	39.02	ET	25500
12.95	36.15	ET	25600
12.38	37.55	ET	25800
9.46	42.18	ET	26200
9.75	34.73	ET	26300
10.35	39.93	ET	26300
7.06	37.16	ET	26500
11.66	38.8	ET	26500
11.35	36.95	ET	26500
9.31	41.44	ET	26900
12.13	38.05	ET	27000
14.07	36.56	ET	27300
12.42	37.32	ET	27300
12.76	37.62	ET	27300
6.25	37.56	ET	27500
8.15	39.35	ET	27500
10.83	38.26	ET	27600
9.23	40.75	ET	27700
7.06	38.78	ET	27900
12.98	37.04	ET	28200
9.56	36.63	ET	28300
7.15	35.81	ET	28300
12.98	37.76	ET	28300
11.3	39.68	ET	28500
9.8	35.1	ET	29100
12.79	39.64	ET	29200
8.45	39.21	ET	29200
60.51	22.46	FI	15258
61.86	25.19	FI	15261
60.45	26.22	FI	15466
60.29	22.30	FI	15498
61.46	23.63	FI	15615
60.9	24.6	FI	15698
60.84	23.05	FI	15834
60.80	21.40	FI	16226
60.68	26.83	FI	16779
62.41	25.95	FI	17093
63.11	21.68	FI	17176
65.17	25.35	FI	17298
60.19	24.87	FI	17334
65.96	29.18	FI	17400
60.81	23.62	FI	17852
60.63	25.31	FI	18074
61.31	23.75	FI	18096
63.67	22.70	FI	19238
60.37	25.26	FI	19430
60.15	24.86	FI	20000
63.08	27.66	FI	20209
61.26	24.03	FI	20376
61.05	25.43	FI	20405
61.20	26.03	FI	20849
60.38	24.75	FI	21019
65.84	24.14	FI	21236
60.40	22.36	FI	21684
60.56	27.19	FI	21712
61.55	23.59	FI	22140
64.68	24.48	FI	22217
62.31	27.87	FI	22365
63.55	27.19	FI	22588
65.73	24.56	FI	22641
60.52	26.93	FI	22867
60.48	22.16	FI	23597
61.46	24.07	FI	24291
60.38	23.13	FI	24900
60.41	24.31	FI	26280
60.25	24.88	FI	26414
60.73	24.77	FI	26451
60.18	24.95	FI	27051
61.86	28.87	FI	27353
61.46	23.5	FI	28676
61.17	28.75	FI	29615
60.40	25.10	FI	31347
60.12	24.43	FI	32920
60.40	25.02	FI	34725
60.20	25.14	FI	35826
60.24	24.06	FI	35960
60.23	25.09	FI	36360
64.22	27.72	FI	36498
61.12	21.51	FI	36550
60.47	25.08	FI	38148
60.63	24.86	FI	43515
60.46	24.80	FI	44136
63.83	23.13	FI	47915
60.39	25.66	FI	51135
61.68	27.27	FI	52121
60.46	26.94	FI	54616
66.5	25.71	FI	64194
62.79	22.82	FI	64743
63.09	21.61	FI	67631
60.99	24.46	FI	67994
61.05	28.18	FI	72646
62.60	29.76	FI	77266
60.86	26.7	FI	80483
61.48	21.78	FI	83491
60.98	25.66	FI	120093
62.89	27.67	FI	121557
62.24	25.72	FI	144477
60.29	25.04	FI	190058
60.45	22.26	FI	195301
65.01	25.46	FI	209648
61.49	23.78	FI	244315
60.20	24.65	FI	256760
60.16	24.93	FI	658864
-18.14	177.50	FJ	17622
-16.43	179.36	FJ	27949
-17.80	177.41	FJ	42284
-17.61	177.45	FJ	52500
-18.13	178.42	FJ	77366
-18.07	178.51	FJ	92043
-51.69	-57.85	FK	2213
6.92	158.16	FM	0
62.00	-6.77	FO	13200
48.40	2.72	FR	15009
43.40	6.06	FR	15027
49.58	3	FR	15138
43.32	5.45	FR	15181
43.44	5.86	FR	15225
48.90	2.13	FR	15256
48.81	3.08	FR	15274
47.38	0.74	FR	15284
43.30	5.40	FR	15292
48.84	2.62	FR	15362
49.01	2.1	FR	15385
43.53	1.34	FR	15393
48.90	6.05	FR	15411
47.77	7.35	FR	15457
48.94	2.04	FR	15465
49.65	3.30	FR	15475
49.32	6.06	FR	15501
48.83	2.62	FR	15519
50.25	3.92	FR	15540
43.61	1.49	FR	15553
47.48	6.85	FR	15577
48.30	-0.61	FR	15583
50.4	1.6	FR	15609
50.70	1.58	FR	15648
49.35	6.19	FR	15659
46.87	-1.01	FR	15664
50.40	1.56	FR	15675
49.23	2.88	FR	15694
50.60	2.99	FR	15694
49.44	1.02	FR	15742
47.81	7.32	FR	15747
43.09	-0.04	FR	15786
47.29	5.00	FR	15791
46.17	1.87	FR	15853
48.75	2.51	FR	15877
48.69	2.61	FR	15892
48.67	6.15	FR	15899
45.23	5.68	FR	15904
43.40	4.98	FR	15934
49.04	3.40	FR	15938
48.81	2.34	FR	15939
49.27	-0.70	FR	15963
47.69	2.63	FR	15966
45.54	3.24	FR	15984
48.07	1.33	FR	16006
47.36	0.73	FR	16007
48.45	-4.25	FR	16052
45.70	4.85	FR	16053
49.01	2.25	FR	16075
43.27	5.43	FR	16084
46.49	-1.78	FR	16105
48.80	2.16	FR	16137
50.58	3.06	FR	16163
45.60	4.06	FR	16164
43.96	4.86	FR	16182
48.12	-1.60	FR	16222
48.83	2.52	FR	16226
47.95	1.87	FR	16243
48.62	2.60	FR	16259
46.46	-0.80	FR	16316
48.68	6.14	FR	16323
48.79	2.06	FR	16365
44.83	-0.52	FR	16497
47.32	-2.42	FR	16523
48.89	2.10	FR	16534
49.07	2.06	FR	16545
43.29	5.39	FR	16585
48.09	-4.32	FR	16590
44.91	-0.63	FR	16636
49.02	2.32	FR	16684
49.54	0.18	FR	16706
45.94	6.63	FR	16725
48.89	2.13	FR	16740
48.06	-2.96	FR	16752
48.74	2.26	FR	16789
48.97	1.96	FR	16790
47.17	-1.62	FR	16824
45.75	4.78	FR	16920
49.62	-1.64	FR	16951
43.91	5.05	FR	16968
45.26	1.77	FR	16969
48.38	2.95	FR	16993
43.11	1.61	FR	16997
49.28	1.00	FR	17231
48.72	4.58	FR	17250
0.57	12.86	GA	24823
-1.13	12.46	GA	30830
2.07	11.50	GA	33561
-2.93	10.98	GA	36108
0.60	9.32	GA	41524
-1.86	11.05	GA	43342
-0.70	10.24	GA	46605
0.39	9.76	GA	62445
-1.56	13.19	GA	71099
1.59	11.57	GA	72939
0.29	9.50	GA	95313
-1.63	13.58	GA	132895
-0.71	8.78	GA	164018
0.39	9.45	GA	846090
55.73	-3.96	GB	15020
51.59	-0.05	GB	15064
53.28	-3.05	GB	15064
52.08	-0.72	GB	15067
53.49	-1.29	GB	15079
51.51	-0.05	GB	15110
53.41	-2.11	GB	15126
52.88	-1.48	GB	15128
51.63	-0.2	GB	15159
51.61	-0.11	GB	15162
54.66	-2.75	GB	15181
55.93	-4.68	GB	15190
53.70	-2.32	GB	15204
52.02	0.24	GB	15210
51.37	0.09	GB	15248
53.58	-1.52	GB	15259
53.38	-2.11	GB	15265
53.37	-2.33	GB	15315
51.54	0.04	GB	15318
51.41	-2.20	GB	15352
55.93	-3.47	GB	15360
53.32	-3.83	GB	15371
51.66	-3.20	GB	15476
50.78	-0.97	GB	15485
51.42	-0.14	GB	15504
53.52	-1.39	GB	15518
55.90	-4.45	GB	15530
51.53	0.01	GB	15551
51.44	-0.18	GB	15562
50.40	-4.22	GB	15566
51.43	-0.04	GB	15618
53.68	-1.83	GB	15625
51.41	-2.49	GB	15641
51.22	-0.78	GB	15657
51.64	-0.04	GB	15664
51.47	-3.70	GB	15672
53.84	-1.78	GB	15710
51.44	0.31	GB	15732
51.47	-0.03	GB	15756
53.35	-3.01	GB	15768
52.04	-0.02	GB	15781
51.82	-1.28	GB	15829
51.35	-1.12	GB	15836
53.5	-1.45	GB	15842
51.85	-4.30	GB	15854
51.37	0.01	GB	15906
53.48	-1.23	GB	15934
53.76	-1.37	GB	15965
51.57	-0.07	GB	15968
51.51	-0.03	GB	15986
52.96	-1.18	GB	16000
53.45	-2.20	GB	16007
52.60	-1.91	GB	16008
55.82	-4.05	GB	16020
51.37	-0.24	GB	16031
51.41	-0.09	GB	16082
52.61	-2.35	GB	16093
55.83	-3.22	GB	16110
51.45	-0.24	GB	16132
51.64	-2.67	GB	16169
54.35	-6.28	GB	16173
51.51	-0.04	GB	16238
51.42	-0.16	GB	16239
51.38	0.30	GB	16302
55.87	-3.10	GB	16360
54.13	-1.52	GB	16363
51.75	-1.59	GB	16364
55.82	-4.51	GB	16390
53.36	-0.00	GB	16419
55.65	-4.70	GB	16420
50.75	-1.54	GB	16446
51.67	-0.02	GB	16469
51.41	-0.11	GB	16476
51.73	-1.20	GB	16500
51.58	-0.09	GB	16500
51.39	-0.07	GB	16518
52.08	-0.26	GB	16551
51.14	-0.97	GB	16584
54.94	-1.67	GB	16625
50.39	-3.51	GB	16693
51.32	-0.41	GB	16724
51.48	0.08	GB	16736
51.58	0.70	GB	16739
55.78	-4.10	GB	16739
56.33	-2.79	GB	16800
12.05	-61.75	GD	7500
42.71	41.46	GE	15517
42.32	42.59	GE	16736
41.63	42.98	GE	16943
42.84	41.68	GE	17847
41.82	41.77	GE	18600
41.48	44.80	GE	18755
41.91	45.47	GE	19599
42.10	43.03	GE	25891
43.08	40.83	GE	26636
42.27	42.06	GE	27752
41.99	43.59	GE	27811
42.15	42.33	GE	28748
42.22	43.96	GE	32180
42.50	41.87	GE	41494
42.14	41.67	GE	41498
41.98	44.11	GE	45557
43.00	40.98	GE	65439
41.56	44.97	GE	130100
42.26	42.69	GE	135201
41.64	41.63	GE	172100
41.69	44.83	GE	1049498
4.91	-52.26	GF	19029
5.16	-52.64	GF	24029
5.50	-54.02	GF	24287
4.84	-52.32	GF	26350
4.93	-52.33	GF	61550
49.45	-2.53	GG	16488
7.17	-2.09	GH	17000
7.09	-2.02	GH	17000
10.52	-0.36	GH	17440
5.91	0.98	GH	18077
5.84	-0.17	GH	18399
5.70	-1.28	GH	20078
5.28	-0.73	GH	20147
5.01	-1.66	GH	20946
6.80	-2.51	GH	21798
8.06	0.17	GH	22445
9.08	-1.81	GH	23544
5.20	-1.06	GH	24689
10.89	-1.09	GH	25470
8.55	-0.51	GH	25472
6.99	0.29	GH	28334
6.38	-0.37	GH	29516
6.09	-0.83	GH	30233
8.22	-0.64	GH	30311
6.71	-1.61	GH	30380
6.84	-1.39	GH	30486
7.40	-2.46	GH	30862
6.23	0.99	GH	30905
6.13	0.79	GH	31981
6.45	-1.57	GH	32082
6.76	-1.59	GH	32163
5.58	-0.27	GH	32426
7.75	-0.98	GH	32641
5.62	-0.05	GH	32886
6.04	-0.80	GH	33784
5.79	0.89	GH	34050
8.85	0.05	GH	34262
5.08	-1.35	GH	34403
7.57	-1.70	GH	35401
4.86	-2.24	GH	35487
5.43	-2.14	GH	35611
6.90	-2.56	GH	36211
6.45	-2.31	GH	36487
5.62	-0.25	GH	37116
5.7	-1.65	GH	37230
7.27	-2.87	GH	37354
9.62	-0.82	GH	40654
5.27	-1.01	GH	41541
5.65	-0.25	GH	42623
5.95	-1.77	GH	42737
6.61	-1.21	GH	43585
7.73	-2.10	GH	45877
5.86	-0.66	GH	46061
6.80	-1.08	GH	46089
6.54	-0.76	GH	47968
5.65	-0.23	GH	48285
5.80	-0.35	GH	48885
5.68	-0.04	GH	49223
5.30	-1.98	GH	49937
6.73	-1.61	GH	50457
6.04	-0.45	GH	50610
5.71	-0.15	GH	50652
7.06	-1.40	GH	51745
8.05	-1.73	GH	53711
5.53	-0.69	GH	54417
5.92	-0.98	GH	60604
5.52	-0.47	GH	63217
9.44	-0.00	GH	64676
6.11	1.19	GH	66546
5.60	-0.07	GH	70483
7.45	-2.58	GH	70536
7.38	-1.35	GH	70807
5.35	-0.62	GH	71288
11.06	-0.24	GH	76459
5.55	-0.33	GH	77371
10.06	-2.50	GH	78107
10.78	-0.85	GH	81958
7.59	-1.93	GH	84074
5.57	-0.31	GH	86718
5.53	-0.41	GH	86753
7.15	0.47	GH	92076
7.33	-2.32	GH	92825
5.65	0.02	GH	95837
7.57	-2.78	GH	96000
5.66	-0.16	GH	101207
5.53	-0.39	GH	119467
6.60	0.47	GH	130701
4.92	-1.75	GH	138872
5.58	-0.10	GH	144013
6.09	-0.25	GH	151255
5.66	-0.01	GH	155782
36.14	-5.35	GI	26544
64.18	-51.72	GL	14798
13.4	-14.21	GM	15017
13.26	-16.76	GM	15090
13.43	-15.53	GM	15210
13.44	-16.67	GM	17159
13.34	-16.79	GM	17441
13.41	-16.67	GM	18747
13.40	-16.65	GM	18978
13.45	-16.70	GM	19634
13.37	-16.67	GM	19672
13.38	-16.67	GM	19998
13.43	-16.69	GM	20314
13.44	-16.66	GM	20878
13.44	-16.68	GM	21190
13.44	-16.70	GM	22327
13.20	-16.73	GM	22741
13.44	-16.68	GM	23724
13.42	-16.70	GM	25091
13.43	-16.67	GM	27353
13.38	-16.75	GM	27664
13.40	-16.67	GM	27856
13.35	-16.43	GM	28500
13.33	-16.68	GM	28829
13.47	-16.68	GM	30325
13.56	-15.6	GM	32883
13.25	-15.88	GM	34390
13.45	-16.57	GM	37274
13.47	-16.68	GM	43098
13.41	-16.66	GM	45757
13.42	-16.67	GM	48687
13.41	-16.70	GM	56472
13.42	-16.68	GM	66449
13.27	-16.64	GM	97233
13.43	-16.67	GM	340000
8.76	-8.61	GN	16725
10.62	-8.69	GN	19110
8.69	-8.64	GN	19848
11.29	-10.71	GN	20993
12.48	-13.3	GN	22326
9.43	-13.08	GN	23350
11.05	-12.39	GN	25355
11.44	-11.66	GN	25531
9.26	-9.01	GN	26990
11.6	-9.38	GN	27969
10.74	-11.10	GN	29449
10.9	-13.03	GN	30311
7.8	-8.53	GN	32555
10.65	-9.88	GN	36295
11.1	-13.76	GN	54824
10.93	-14.29	GN	63736
10.36	-13.58	GN	64169
8.54	-9.47	GN	68020
10.04	-10.74	GN	70181
9.70	-13.38	GN	77103
10.37	-12.09	GN	79109
8.56	-10.13	GN	79140
11.31	-12.28	GN	107571
10.65	-14.61	GN	113350
9.18	-10.09	GN	116019
11.42	-9.16	GN	148018
10.05	-12.86	GN	161024
9.79	-13.52	GN	182296
9.73	-13.41	GN	194297
10.38	-9.30	GN	221428
7.75	-8.81	GN	226426
9.53	-13.68	GN	1871242
9.53	-13.67	GN	1928389
15.99	-61.73	GP	11472
16.24	-61.53	GP	15181
16.04	-61.56	GP	19821
16.33	-61.69	GP	20192
16.33	-61.34	GP	22692
16.22	-61.38	GP	22859
16.19	-61.59	GP	24994
16.20	-61.49	GP	28698
16.26	-61.58	GP	30837
16.27	-61.50	GP	53514
2.15	11.33	GQ	24831
3.75	8.78	GQ	155963
1.86	9.76	GQ	173046
38.08	23.97	GR	15554
40.65	22.89	GR	15706
37.83	23.80	GR	15855
37.96	23.66	GR	16050
41.50	26.52	GR	16221
37.07	22.43	GR	16239
40.71	22.72	GR	16563
37.79	21.35	GR	16763
37.89	23.74	GR	17259
38.95	20.75	GR	17283
38.09	23.82	GR	17379
40.58	23.03	GR	17444
40.78	21.40	GR	17686
40.49	22.92	GR	18326
40.80	22.04	GR	18669
37.89	23.87	GR	19164
36.89	27.28	GR	19244
40.62	22.06	GR	19887
38.24	22.08	GR	20422
40.73	22.91	GR	20852
38.06	23.79	GR	21352
37.96	23.99	GR	21488
38.43	22.87	GR	21492
39.16	20.98	GR	21895
37.63	22.73	GR	22209
37.67	21.44	GR	22399
38.05	23.83	GR	22741
37.95	23.73	GR	22913
40.99	22.87	GR	22914
37.99	23.34	GR	23456
38.36	26.13	GR	23953
38.04	23.54	GR	24910
37.96	23.49	GR	25370
37.96	23.57	GR	25389
37.94	23.67	GR	25441
38.03	23.73	GR	25734
37.96	23.76	GR	26370
37.98	23.66	GR	26550
37.50	22.37	GR	26561
39.62	19.92	GR	27003
40.66	22.89	GR	27067
40.65	22.94	GR	27084
40.79	22.40	GR	27817
39.10	26.55	GR	28322
38.05	23.70	GR	28361
37.84	23.77	GR	28364
38.06	23.76	GR	29891
38.02	23.85	GR	29939
40.51	21.67	GR	30045
37.94	22.95	GR	30176
38.06	23.58	GR	30251
38.03	23.82	GR	30741
38	23.8	GR	30840
35.36	24.48	GR	32468
39.37	22.92	GR	32661
39.36	21.92	GR	32789
38.08	23.7	GR	33565
37.90	23.75	GR	34097
38.03	23.72	GR	34168
40.59	22.98	GR	34625
38.32	23.31	GR	36477
40.30	21.78	GR	36481
37.91	23.72	GR	41720
40.52	22.20	GR	44464
41.15	24.14	GR	44823
40.64	22.95	GR	44955
41.11	25.40	GR	45631
38.01	23.66	GR	45642
40.66	22.93	GR	46008
38.62	21.40	GR	46899
38.07	23.81	GR	47332
41.13	24.88	GR	48221
38.05	23.76	GR	49642
38.9	22.43	GR	52006
40.84	25.87	GR	52979
40.26	22.50	GR	53293
35.51	24.02	GR	53910
40.93	24.40	GR	54027
37.03	22.11	GR	54100
36.43	28.22	GR	56128
40.66	22.94	GR	56685
41.08	23.54	GR	58287
38.04	23.68	GR	58979
38.46	23.60	GR	59125
38.01	23.75	GR	59345
-54.28	-36.50	GS	2
14.90	-91.48	GT	15074
15.08	-90.49	GT	15157
14.65	-91.57	GT	15167
14.64	-90.79	GT	15639
14.78	-90.19	GT	15843
15.47	-90.31	GT	16353
14.87	-91.56	GT	16461
15.81	-90.28	GT	17018
14.43	-91.22	GT	17172
16.33	-89.41	GT	17320
14.59	-91.72	GT	17388
14.57	-90.73	GT	17918
15.82	-88.75	GT	17923
14.28	-91.36	GT	18189
14.66	-90.35	GT	18574
13.92	-90.81	GT	18655
14.07	-90.41	GT	18855
15.47	-88.84	GT	18994
15.11	-89.35	GT	19354
14.87	-91.45	GT	19434
15.36	-90.47	GT	19664
14.58	-91.45	GT	20433
16.92	-89.89	GT	20464
15.53	-89.33	GT	20489
14.56	-89.35	GT	20674
14.61	-90.65	GT	20723
14.63	-90.92	GT	21249
14.49	-90.71	GT	21795
14.58	-91.52	GT	22533
15.07	-91.64	GT	23033
15.40	-91.14	GT	23301
14.48	-90.80	GT	23986
14.08	-91.05	GT	24001
14.64	-90.89	GT	24022
14.62	-91.59	GT	24446
14.64	-89.72	GT	24679
14.85	-90.06	GT	24831
14.62	-90.84	GT	24992
14.84	-91.31	GT	27690
14.64	-90.73	GT	28488
14.13	-90.00	GT	28832
14.56	-91.64	GT	29167
14.63	-90.67	GT	29238
16.91	-89.91	GT	30764
15.04	-91.40	GT	31739
14.74	-90.88	GT	32312
14.63	-91.22	GT	33309
14.52	-90.76	GT	33405
14.76	-90.99	GT	34519
14.50	-90.95	GT	34948
15.66	-91.71	GT	37171
14.59	-91.69	GT	39565
14.96	-91.76	GT	40021
14.42	-91.16	GT	40683
14.27	-90.29	GT	41359
14.81	-91.45	GT	42142
14.20	-90.84	GT	45323
14.77	-91.18	GT	45373
14.56	-90.73	GT	46054
14.96	-91.79	GT	47063
14.30	-90.36	GT	47093
14.70	-91.73	GT	47544
14.33	-89.71	GT	48297
15.65	-91.42	GT	49030
14.86	-91.62	GT	51828
14.94	-91.44	GT	57894
14.68	-91.01	GT	58240
14.77	-90.45	GT	58609
14.46	-90.44	GT	58922
15.08	-91.74	GT	59489
14.97	-89.53	GT	60424
14.54	-91.32	GT	60735
15.10	-90.31	GT	65275
14.40	-90.69	GT	65873
14.47	-90.63	GT	71836
15.39	-89.64	GT	71846
14.53	-91.50	GT	77431
15.03	-91.14	GT	78279
15.31	-91.47	GT	79426
14.54	-90.41	GT	79844
14.57	-90.49	GT	80582
14.53	-91.67	GT	90505
14.91	-92.05	GT	92816
14.66	-90.81	GT	96985
15.72	-88.59	GT	100593
13.47	144.74	GU	0
13.47	144.74	GU	1051
13.44	144.80	GU	15191
13.48	144.78	GU	19685
13.48	144.78	GU	19685
13.53	144.88	GU	20539
13.51	144.83	GU	44943
12.16	-14.66	GW	33502
12.28	-14.22	GW	49371
11.86	-15.59	GW	439704
6.24	-57.51	GY	35039
6.00	-58.30	GY	44690
6.80	-58.15	GY	235017
22.27	114.22	HK	15061
22.28	114.19	HK	15212
22.38	114.20	HK	15407
22.28	114.19	HK	15464
22.28	114.14	HK	15464
22.32	114.17	HK	15481
22.37	113.96	HK	15488
22.42	114.24	HK	15621
22.31	114.19	HK	15646
22.32	114.15	HK	15655
22.37	114.19	HK	15817
22.27	114.11	HK	16030
22.33	114.14	HK	16071
22.28	114.20	HK	16171
22.45	114.01	HK	16236
22.23	114.17	HK	16316
22.38	113.97	HK	16423
22.37	114.18	HK	16628
22.37	114.18	HK	16628
22.42	114.23	HK	16691
22.31	114.22	HK	16766
22.25	114.14	HK	16811
22.33	114.16	HK	16843
22.34	114.18	HK	16936
22.36	114.07	HK	17009
22.37	114.11	HK	17325
22.31	114.17	HK	17407
22.32	114.17	HK	17422
22.47	114.23	HK	17544
22.39	114.19	HK	17572
22.40	114.22	HK	17647
22.28	114.22	HK	17925
22.27	114.24	HK	17963
22.33	114.16	HK	18078
22.31	114.18	HK	18091
22.30	114.19	HK	18091
22.33	114.19	HK	18199
22.24	114.15	HK	18575
22.30	114.23	HK	18666
22.33	114.15	HK	18670
22.36	114.17	HK	18707
22.33	114.20	HK	18720
22.34	114.15	HK	18748
22.28	114.22	HK	18771
22.26	114.24	HK	18803
22.33	114.17	HK	18849
22.34	114.15	HK	18956
22.32	114.19	HK	19078
22.26	114.15	HK	19202
22.3	114.01	HK	19336
22.31	114.15	HK	19373
22.39	113.97	HK	19398
22.50	114.06	HK	19617
22.37	114.19	HK	19719
22.21	114.02	HK	19769
22.31	114.18	HK	19830
22.37	114.17	HK	19924
22.32	114.18	HK	20185
22.46	114.04	HK	20268
22.46	114.15	HK	20389
22.51	114.11	HK	20514
22.21	114.21	HK	20683
22.23	114.25	HK	20683
22.36	114.12	HK	20848
22.44	113.99	HK	21060
22.44	114.06	HK	21876
22.39	114.19	HK	22127
22.46	114.20	HK	22465
22.30	114.22	HK	22718
22.43	114.24	HK	23511
22.3	114.16	HK	24557
22.25	114.13	HK	24897
22.33	114.16	HK	25561
22.36	114.05	HK	25893
22.25	114.13	HK	26275
22.24	114.15	HK	26350
22.34	114.19	HK	28645
22.24	114.14	HK	29180
22.24	114.14	HK	29391
22.31	114.16	HK	29644
22.30	114.18	HK	30038
22.36	114.13	HK	31788
22.32	114.16	HK	33801
22.29	114.23	HK	34755
22.28	114.21	HK	34799
14.91	-88.23	HN	15119
15.23	-87.96	HN	15707
15.13	-87.12	HN	15774
14.31	-87.67	HN	17555
13.86	-86.55	HN	18779
15.4	-88.15	HN	20353
13.42	-87.44	HN	22289
15.48	-86.57	HN	25969
14.76	-88.77	HN	27753
15.77	-87.46	HN	29325
15.68	-86	HN	30785
15.31	-87.99	HN	31571
14.66	-86.21	HN	33686
14.59	-87.83	HN	43141
14.03	-86.58	HN	44799
15.43	-87.91	HN	45955
15.82	-87.92	HN	48013
14.45	-87.63	HN	58784
13.30	-87.19	HN	75872
15.4	-87.8	HN	100810
15.61	-87.95	HN	139100
15.75	-86.78	HN	222055
15.50	-88.02	HN	801259
14.08	-87.20	HN	850848
46.38	16.43	HR	15078
45.34	17.68	HR	16867
45.30	18.41	HR	16875
45.80	15.71	HR	16911
45.85	15.80	HR	18768
43.54	16.49	HR	20996
45.35	19.00	HR	22255
46.16	16.82	HR	22262
45.89	16.84	HR	24392
42.64	18.10	HR	26922
45.46	16.37	HR	27859
45.28	18.80	HR	28111
45.71	16.07	HR	30036
43.73	15.89	HR	31115
46.30	16.33	HR	36187
45.81	15.97	HR	37000
45.49	15.55	HR	41869
45.16	18.01	HR	45005
44.86	13.84	HR	52220
45.83	16.11	HR	55313
44.11	15.22	HR	67309
45.55	18.69	HR	75535
45.32	14.44	HR	107964
43.50	16.43	HR	149830
45.81	15.97	HR	663592
18.99	-72.39	HT	15594
18.50	-71.98	HT	18256
19.15	-72.01	HT	18590
18.54	-72.52	HT	25947
19.70	-72.40	HT	32645
19.93	-72.83	HT	34657
19.43	-72.19	HT	37739
18.44	-72.28	HT	42175
19.05	-72.46	HT	48724
18.42	-72.76	HT	49288
18.65	-72.09	HT	52017
19.10	-72.69	HT	66226
19.44	-72.68	HT	84961
18.44	-73.08	HT	89202
19.37	-72.33	HT	95216
18.65	-74.11	HT	97503
18.43	-72.86	HT	117504
18.19	-73.74	HT	125799
18.51	-72.63	HT	134190
19.75	-72.19	HT	134815
18.23	-72.53	HT	137966
18.57	-72.22	HT	229127
18.51	-72.28	HT	283052
19.93	-72.83	HT	306217
18.54	-72.30	HT	382920
18.54	-72.39	HT	442156
18.54	-72.33	HT	1234742
48.07	19.29	HU	15058
46.62	19.28	HU	15091
46.93	20.83	HU	15194
47.25	16.93	HU	15343
47.68	19.13	HU	15874
47.31	21.11	HU	15990
47.18	20.00	HU	16342
47.18	19.31	HU	16590
47.61	19.18	HU	16770
47.35	19.09	HU	16973
47.93	21.08	HU	17295
47.32	18.93	HU	17566
46.88	17.44	HU	17598
47.81	20.58	HU	17701
47.61	21.35	HU	18012
47.85	21.43	HU	18032
48.39	21.65	HU	18052
47.64	19.29	HU	18122
46.86	20.55	HU	18170
48.21	22.08	HU	18190
46.52	18.97	HU	18242
46.71	20.14	HU	18580
45.99	18.68	HU	18711
47.95	22.32	HU	18718
47.74	18.11	HU	18805
47	20.63	HU	19168
47.40	19.28	HU	19327
46.76	17.24	HU	19652
47.66	19.68	HU	20228
47.48	18.31	HU	20271
47.39	19.11	HU	20387
46.62	18.85	HU	20638
46.37	18.13	HU	20748
46.76	21.13	HU	21198
47.19	18.13	HU	21299
47.35	19.44	HU	21720
47.38	19.22	HU	21937
47.31	20.93	HU	22370
47.18	20.41	HU	22770
46.90	18.05	HU	23028
47.65	18.31	HU	23217
47.03	19.77	HU	23517
47.66	19.07	HU	23606
47.45	21.4	HU	23781
47.49	19.03	HU	24728
47.34	19.04	HU	24874
47.46	18.95	HU	25089
46.21	20.48	HU	25135
46.19	18.26	HU	26924
47.5	19.91	HU	27439
46.65	20.26	HU	27898
47.79	18.74	HU	28785
46.43	19.48	HU	29354
47.63	19.13	HU	30246
47.86	17.26	HU	30359
46.56	20.66	HU	31373
47.10	17.55	HU	31407
46.71	19.84	HU	31720
47.66	21.51	HU	31957
46.65	21.28	HU	32269
47.59	19.35	HU	32374
48.25	20.63	HU	32396
47.78	19.92	HU	32938
47.33	17.46	HU	32990
46.35	18.70	HU	34174
48.09	19.80	HU	34627
47.77	19.13	HU	35108
46.18	18.95	HU	37714
48.21	20.3	HU	38476
47.17	19.79	HU	39287
47.50	19.06	HU	42120
46.41	20.33	HU	44009
46.45	16.99	HU	47349
46.96	18.93	HU	50084
47.42	19.04	HU	50499
47.90	20.37	HU	53876
47.49	19.01	HU	56544
47.09	17.91	HU	56927
46.68	21.1	HU	59732
47.45	19.14	HU	61453
47.45	19.14	HU	61610
46.84	16.84	HU	61898
47.50	19.07	HU	62000
47.54	19.07	HU	62006
47.68	16.59	HU	62246
2.89	98.52	ID	16000
-1.50	134.17	ID	16245
5.38	95.96	ID	17504
-2.46	111.03	ID	18888
-2.92	132.29	ID	18900
-1.44	132.01	ID	19491
-8.45	115.59	ID	20000
-1.49	102.11	ID	21243
-7.70	110.56	ID	21745
-7.40	111.44	ID	22412
-8.17	112.63	ID	22468
-7.16	112.71	ID	22515
-8.39	114.14	ID	22525
-0.23	130.50	ID	22541
-7.68	112.25	ID	22871
-8.21	112.74	ID	23094
-7.63	109.24	ID	23255
-7.56	112.35	ID	23534
-7.71	110.65	ID	23584
-7.54	110.71	ID	23750
-5.54	138.13	ID	23869
-7.05	113.94	ID	23897
-7.95	110.34	ID	24081
3.73	96.83	ID	24085
-7.68	112.61	ID	24164
-7.61	110.68	ID	24440
-2.10	133.52	ID	24742
-8.19	114.93	ID	25000
4.06	98.36	ID	25118
3.00	99.81	ID	25146
-7.48	112.42	ID	25494
4.02	98.27	ID	25542
3.58	116.62	ID	25596
0.57	97.80	ID	25780
-6.8	110.71	ID	26163
-7.17	107.98	ID	26240
-7.53	110.75	ID	26274
-8.10	112.01	ID	26297
-6.53	111.05	ID	26413
-2.06	105.16	ID	26709
-7.36	112.62	ID	26827
3.73	98.45	ID	26862
-7.11	112.16	ID	27038
-6.87	112.37	ID	27072
-6.89	110.63	ID	27251
-6.87	108.95	ID	27367
1.31	124.80	ID	27624
-0.70	100.97	ID	27786
-7.09	109.02	ID	27814
-8.53	115.4	ID	27836
3.50	98.68	ID	27940
-7.02	110.51	ID	28026
-7.70	110.53	ID	28114
-7.75	113.39	ID	28248
-7.04	109.10	ID	28483
-7.09	109.32	ID	28532
-7.67	110.67	ID	28646
-6.69	111.45	ID	28948
-8.07	111.70	ID	29083
-7.99	114.40	ID	29193
-8.31	114.23	ID	29418
-7.93	110.25	ID	29529
-2.05	125.97	ID	29716
-5.00	119.57	ID	30000
-8.72	115.17	ID	30012
-7.78	110.86	ID	30180
-8.06	112.59	ID	30213
-7.48	108.79	ID	30313
-7.70	113.91	ID	30749
-6.46	108.45	ID	31234
-7.71	109.91	ID	31352
2.05	99.75	ID	31442
-8.44	115.60	ID	31869
-8.45	115.61	ID	31869
-4.82	122.72	ID	31929
-8.11	111.89	ID	32287
-7.57	110.89	ID	32378
-7.49	112.69	ID	32866
-8.35	114.61	ID	33191
1.30	124.91	ID	33317
-6.53	110.7	ID	33542
-6.37	105.83	ID	33576
-7.04	109.14	ID	33606
-8.54	115.12	ID	33667
-0.81	103.46	ID	33683
53.35	-6.44	IE	15269
53.39	-6.16	IE	15299
53.36	-6.49	IE	15504
51.81	-8.39	IE	15770
53.38	-6.37	IE	16511
53.45	-6.15	IE	16550
52.35	-7.70	IE	17140
53.52	-7.33	IE	17262
53.30	-6.28	IE	17333
53.14	-6.06	IE	18140
51.88	-8.58	IE	18621
54.26	-8.46	IE	19199
54.95	-7.73	IE	19274
53.38	-6.29	IE	19768
52.33	-6.45	IE	19913
53.34	-6.54	IE	20288
53.21	-6.66	IE	20713
53.42	-7.93	IE	21351
52.65	-7.25	IE	21589
53.60	-6.18	IE	21722
53.27	-6.22	IE	22288
53.18	-6.79	IE	22742
52.27	-9.70	IE	22941
52.84	-6.92	IE	24272
53.65	-6.68	IE	24545
52.84	-8.98	IE	25276
53.29	-6.13	IE	26525
51.87	-8.43	IE	26883
53.20	-6.09	IE	32600
54	-6.41	IE	39004
53.71	-6.34	IE	40956
53.45	-6.21	IE	42738
52.25	-7.11	IE	53504
53.28	-6.37	IE	80339
53.27	-9.05	IE	83456
52.66	-8.62	IE	94192
51.89	-8.47	IE	190384
53.29	-6.34	IE	278749
53.33	-6.24	IE	1024027
32.92	35.25	IL	15455
32.72	35.31	IL	15621
32.52	34.94	IL	15847
32.51	34.95	IL	15847
32.49	35.49	IL	16800
32.28	34.98	IL	16898
32.95	35.21	IL	17171
31.16	35.02	IL	17640
32.71	35.12	IL	18130
32.68	35.27	IL	18905
32.50	34.92	IL	18972
32.50	35.05	IL	19018
31.39	34.75	IL	19586
32.81	35.26	IL	20188
31.24	34.86	IL	20204
32.05	34.87	IL	20398
32.10	35.18	IL	20540
31.99	34.94	IL	20740
31.24	35.09	IL	21079
32.92	35.15	IL	21163
31.30	34.93	IL	21558
33.01	35.26	IL	21836
32.27	34.91	IL	22490
33.20	35.57	IL	22512
32.74	35.34	IL	22751
32.88	35.40	IL	22957
32.56	34.95	IL	23206
32.65	35.10	IL	23796
32.11	34.97	IL	23823
31.78	34.70	IL	23869
31.80	35.15	IL	24052
32.76	35.04	IL	24148
32.31	34.93	IL	24778
32.49	35.09	IL	24904
32.69	35.04	IL	25000
31.72	34.74	IL	25362
32.03	34.89	IL	25600
32.67	35.23	IL	25675
32.85	35.19	IL	25917
32.23	34.95	IL	26552
32.07	34.84	IL	26578
31.52	34.59	IL	27635
31.93	34.83	IL	27768
32.76	34.97	IL	27822
31.25	35.21	IL	27967
32.02	34.87	IL	29312
32.41	35.04	IL	29950
31.81	34.77	IL	30798
32.86	35.29	IL	31702
31.31	34.62	IL	34666
32.96	35.49	IL	36094
31.07	35.03	IL	36192
32.02	34.85	IL	36813
32.84	35.06	IL	39897
32.06	34.85	IL	39986
32.80	35.16	IL	42137
32.83	35.07	IL	43303
32.70	35.32	IL	43556
31.42	34.58	IL	43732
32.82	35.08	IL	43955
32.26	35.00	IL	43957
32.79	35.53	IL	44779
32.60	35.28	IL	44930
32.91	35.30	IL	46252
32.14	34.83	IL	47245
31.87	34.73	IL	47585
32.04	34.95	IL	48763
32.92	35.07	IL	49380
31.92	34.79	IL	50351
29.55	34.94	IL	52299
32.51	35.15	IL	56109
33.00	35.09	IL	58096
32.81	35.11	IL	59030
32.07	34.81	IL	60644
31.60	34.76	IL	61817
32.15	34.89	IL	63175
32.09	34.95	IL	72881
32.18	34.87	IL	75421
31.92	34.86	IL	76246
31.93	35.04	IL	76374
31.94	34.89	IL	77223
32.70	35.29	IL	77445
31.89	35.01	IL	93277
32.44	34.90	IL	97335
32.16	34.82	IL	97470
54.15	-4.48	IM	26218
29.58	77.25	IN	15007
27.43	80.53	IN	15007
23.22	79.88	IN	15019
21.67	74.58	IN	15021
21.48	70.07	IN	15051
27.51	82.64	IN	15056
11.35	77.16	IN	15066
27.79	79.23	IN	15068
26.47	85.70	IN	15070
9.27	79.12	IN	15073
22.19	69.96	IN	15076
25.19	80.47	IN	15077
21.02	83.81	IN	15095
19.76	84.42	IN	15117
25.66	94.5	IN	15118
23.19	86.51	IN	15131
24.11	78.04	IN	15136
23.90	79.56	IN	15142
21.42	78.98	IN	15175
22.42	71.19	IN	15197
13.65	74.67	IN	15200
20.00	75.19	IN	15213
22.83	69.72	IN	15220
31.23	76.50	IN	15229
18.04	73.01	IN	15279
25.87	87.84	IN	15285
20.11	85.83	IN	15301
21.28	72.94	IN	15311
15.59	73.94	IN	15315
21.77	79.80	IN	15321
21.86	75.96	IN	15321
27.86	77.20	IN	15332
28.54	79.20	IN	15335
17.44	80.14	IN	15350
26.86	78.59	IN	15359
18.84	79.46	IN	15374
22.54	71.48	IN	15376
25.20	82.71	IN	15381
25.73	74.33	IN	15389
22.55	83.46	IN	15394
26.88	74.76	IN	15405
13.68	75.24	IN	15422
9.14	77.70	IN	15423
15.18	74.97	IN	15428
15.85	77.24	IN	15455
21.46	86.76	IN	15462
23.07	78.51	IN	15473
19.65	73.14	IN	15474
19.14	82.32	IN	15479
14.04	76.18	IN	15480
24.05	77.40	IN	15519
28.24	79.95	IN	15538
27.28	95.34	IN	15548
23.71	72.11	IN	15572
22.29	82.02	IN	15582
22.60	79.60	IN	15589
25.54	80.70	IN	15607
24.41	74.47	IN	15616
28.20	80.27	IN	15618
10.48	79.39	IN	15631
18.65	79.66	IN	15661
8.62	77.91	IN	15665
28.18	75.50	IN	15670
12.94	80.25	IN	15688
19.80	72.75	IN	15692
28.92	79.97	IN	15714
21.41	80.97	IN	15734
16.26	73.71	IN	15735
16.90	74.59	IN	15738
12.13	77.89	IN	15758
26.56	85.52	IN	15778
14.51	76.33	IN	15787
22.71	70.28	IN	15788
12.76	76.06	IN	15802
26.32	90.68	IN	15802
20.93	85.54	IN	15818
26.28	78.98	IN	15830
29.46	76.17	IN	15830
23.33	75.55	IN	15837
29.41	77.46	IN	15837
24.37	75.95	IN	15840
25.60	84.40	IN	15850
26.82	83.52	IN	15856
16.11	74.21	IN	15864
22.66	76.74	IN	15870
32.46	46.68	IQ	19711
34.46	41.94	IQ	19719
30.96	46.72	IQ	21551
32.06	45.24	IQ	21888
33.03	40.28	IQ	22370
31.58	44.64	IQ	22643
36.61	44.52	IQ	22943
36.76	43.89	IQ	23000
31.80	44.48	IQ	23189
36.49	43.12	IQ	23524
37.17	43.01	IQ	25000
33.84	44.23	IQ	26362
34.36	41.98	IQ	27000
35.62	45.94	IQ	27116
33.74	45.55	IQ	29785
34.68	44.96	IQ	30143
32.71	44.27	IQ	30622
31.74	44.61	IQ	30909
34.13	42.37	IQ	30925
33.63	42.82	IQ	31901
34.92	43.48	IQ	36454
32.29	44.68	IQ	36992
36.32	41.87	IQ	38294
34.01	44.14	IQ	42088
32.92	44.77	IQ	42354
34.61	43.67	IQ	42477
32.77	44.29	IQ	42901
32.90	45.06	IQ	44751
36.08	44.62	IQ	44987
31.52	45.20	IQ	47248
36.27	43.37	IQ	50000
33.97	44.93	IQ	50698
35.17	45.98	IQ	57333
32.54	44.22	IQ	57490
31.96	44.60	IQ	57661
34.88	44.63	IQ	59886
33.80	44.53	IQ	70046
35.53	44.83	IQ	75634
32.17	46.04	IQ	78272
36.23	44.79	IQ	80000
31.40	46.17	IQ	82732
30.58	47.76	IQ	92395
37.14	42.68	IQ	95052
29.97	48.47	IQ	104569
30.03	47.91	IQ	107620
32.55	45.41	IQ	110000
32.05	44.44	IQ	110000
30.39	47.70	IQ	122676
36.65	44.54	IQ	125000
36.80	43.03	IQ	128776
33.75	44.60	IQ	152550
31.33	45.29	IQ	152890
34.19	43.88	IQ	158508
33.34	43.78	IQ	190159
33.42	43.30	IQ	223500
32.51	45.81	IQ	315162
31.99	44.92	IQ	318801
31.83	47.14	IQ	323302
36.86	42.98	IQ	340900
32.46	44.41	IQ	455700
32.02	44.34	IQ	482576
31.05	46.25	IQ	558400
35.56	45.43	IQ	878146
33.30	44.18	IQ	900000
35.46	44.39	IQ	1031000
32.61	44.02	IQ	1218732
30.50	47.78	IQ	1326564
36.18	44.01	IQ	1612700
36.33	43.11	IQ	1683000
30.50	47.81	IQ	2015483
36.33	43.10	IQ	2065597
33.34	44.40	IQ	7216000
33.86	57.42	IR	15318
36.74	49.40	IR	15630
33.37	52.36	IR	16058
37.47	47.05	IR	16888
26.22	60.21	IR	17000
36.74	49.41	IR	17396
35.04	46.35	IR	17779
32.99	47.41	IR	19360
31.74	54.20	IR	19394
30.89	49.40	IR	19454
39.21	44.77	IR	19759
30.45	53.65	IR	20000
32.55	51.57	IR	20000
26.55	54.01	IR	20922
35.71	53.35	IR	21000
33.22	50.31	IR	21146
30.70	49.83	IR	21785
26.55	54.88	IR	22768
28.30	55.90	IR	23309
33.14	47.37	IR	24961
26.94	56.26	IR	25000
32.25	50.56	IR	25071
27.66	54.13	IR	25316
31.41	51.56	IR	27220
33.86	48.26	IR	27701
37.22	49.31	IR	27763
35.26	57.97	IR	28233
36.64	52.91	IR	28404
34.90	48.44	IR	28645
35.71	52.06	IR	29144
32.57	51.45	IR	29392
37.47	45.89	IR	29675
30.20	53.18	IR	29825
31.60	55.40	IR	31215
38.89	45.02	IR	31947
32.27	50.98	IR	32391
33.99	50.68	IR	33508
32.79	51.69	IR	33607
32.55	51.52	IR	33630
37.37	55.49	IR	33700
36.68	52.51	IR	34097
27.55	52.88	IR	35000
35.30	51.53	IR	36709
31.58	54.44	IR	36720
29.92	56.57	IR	37192
30.64	48.66	IR	37220
32.61	51.55	IR	37462
36.81	50.87	IR	37501
34.74	60.77	IR	37513
26.24	60.75	IR	37722
34.79	46.51	IR	38657
31.27	49.60	IR	38821
38.43	48.86	IR	39065
36.64	51.49	IR	40000
33.72	59.18	IR	40157
31.26	56.80	IR	40167
36.67	46.56	IR	41442
31.56	48.18	IR	41443
37.26	49.94	IR	42784
34.78	47.59	IR	43174
34.35	58.68	IR	43465
33.45	50.28	IR	44916
37.79	48.90	IR	45305
29.19	54.32	IR	45506
32.69	47.26	IR	46002
36.54	61.15	IR	46499
36.64	59.12	IR	46940
30.76	49.70	IR	46983
25.29	60.64	IR	47287
33.60	48.93	IR	47482
37.13	50.29	IR	47502
37.08	55.17	IR	47590
36.69	52.65	IR	48051
36.65	53.29	IR	48847
32.68	51.60	IR	49143
35.23	52.30	IR	49491
32.55	51.50	IR	49843
33.59	56.92	IR	49993
36.20	49.19	IR	50528
37.03	45.09	IR	50661
37.61	48.52	IR	51024
36.40	47.11	IR	51541
34.46	45.86	IR	51611
32.25	54.01	IR	51874
32.19	48.24	IR	52284
64.00	-22.56	IS	15930
65.68	-18.08	IS	19219
63.99	-22.56	IS	19724
64.06	-21.93	IS	29971
64.11	-21.91	IS	37959
64.13	-21.89	IS	118918
43.11	12.38	IT	0
45.41	10.39	IT	15030
41.76	12.70	IT	15036
40.86	14.27	IT	15062
41.96	12.75	IT	15117
39.62	16.51	IT	15136
45.49	12.10	IT	15139
45.46	10.85	IT	15170
40.92	14.42	IT	15238
45.71	12.25	IT	15265
45.54	9.34	IT	15368
40.79	17.12	IT	15383
40.57	17.03	IT	15388
45.67	9.23	IT	15404
41.10	14.21	IT	15438
45.79	8.88	IT	15466
40.95	14.27	IT	15487
45.53	9.92	IT	15541
43.17	13.79	IT	15558
44.76	10.78	IT	15571
38.26	16.29	IT	15651
45.47	8.69	IT	15699
45.41	12.36	IT	15719
44.81	9.98	IT	15754
45.78	12.49	IT	15764
44.63	11.18	IT	15783
39.30	9.20	IT	15791
41.83	15.56	IT	15815
46.71	11.65	IT	15868
41.99	12.09	IT	15883
45.35	10.84	IT	15895
40.40	17.55	IT	15898
45.98	12.70	IT	15962
44.48	11.21	IT	15965
40.73	13.86	IT	15969
43.56	11.52	IT	16002
44.57	11.36	IT	16068
41.50	13.06	IT	16071
41.04	16.88	IT	16101
36.79	14.70	IT	16109
40.57	16.75	IT	16151
43.96	12.73	IT	16189
37.32	14.74	IT	16227
41.26	13.74	IT	16236
41.89	12.53	IT	16273
44.53	10.81	IT	16278
37.59	14.97	IT	16319
45.40	10.27	IT	16351
45.59	9.04	IT	16377
45.80	9.22	IT	16431
45.34	11.86	IT	16477
43.20	13.28	IT	16504
40.64	17.51	IT	16536
44.64	7.49	IT	16537
42.67	14.01	IT	16538
45.61	9.15	IT	16542
45.47	8.99	IT	16546
41.01	14.48	IT	16571
44.99	10.74	IT	16571
37.28	13.52	IT	16574
45.09	7.52	IT	16598
43.48	13.48	IT	16610
43.42	11.12	IT	16625
45.95	12.50	IT	16626
37.29	14.84	IT	16645
41.32	15.70	IT	16677
45.62	9.32	IT	16690
45.35	9.32	IT	16707
41.00	16.87	IT	16756
44.64	7.65	IT	16800
40.84	14.26	IT	16848
43.67	10.84	IT	16900
44.98	7.46	IT	16904
41.59	14.23	IT	16945
41.68	15.29	IT	16955
45.22	11.66	IT	16963
44.27	9.39	IT	16963
45.55	8.97	IT	17030
42.03	12.64	IT	17047
40.97	14.17	IT	17056
45.51	9.28	IT	17072
41.60	12.54	IT	17078
44.04	8.21	IT	17103
42.04	14.73	IT	17123
40.80	14.49	IT	17138
49.18	-2.10	JE	28000
18.21	-78.13	JM	16553
18.01	-76.79	JM	18552
18.13	-77.03	JM	20660
17.94	-77.10	JM	26024
17.96	-77.24	JM	44755
18.04	-77.50	JM	47115
18.47	-77.91	JM	82867
17.97	-76.88	JM	102861
17.99	-76.95	JM	145018
18.00	-76.78	JM	583958
17.99	-76.79	JM	937700
31.03	35.46	JO	15200
32.30	35.75	JO	17634
32.27	35.59	JO	17837
31.88	35.85	JO	18274
32.50	35.85	JO	18376
32.40	35.70	JO	20000
31.16	35.76	JO	21678
31.18	35.69	JO	22581
31.15	35.69	JO	22756
30.83	35.60	JO	25429
32.28	35.89	JO	27046
31.91	35.94	JO	32396
31.87	36.00	JO	40241
32.01	35.89	JO	46834
30.19	35.73	JO	50350
32.34	36.20	JO	57118
31.71	35.79	JO	82335
33.31	38.70	JO	85000
29.52	35.00	JO	95048
32.03	35.72	JO	107874
32.33	35.75	JO	125557
32.55	36.00	JO	155693
31.95	35.81	JO	181212
32.01	36.04	JO	268237
32.55	35.85	JO	569068
32.07	36.08	JO	792665
31.95	35.94	JO	1275857
36.46	138.18	JP	15025
39.46	141.95	JP	15195
32.18	131.51	JP	15372
34.87	134.36	JP	15448
36.33	138.51	JP	15562
33.4	130.61	JP	15567
36.58	138.84	JP	15571
39.2	141.11	JP	15580
36.76	140.35	JP	15725
38.54	141.13	JP	15763
36.31	140.58	JP	15787
42.90	140.74	JP	15816
34.02	133.80	JP	15895
36.75	139.61	JP	16041
32.93	130.44	JP	16125
33.90	136.12	JP	16232
33.46	135.77	JP	16243
39.69	140.98	JP	16263
38.07	138.43	JP	16359
32.96	131.4	JP	16361
38.37	141.06	JP	16363
33.5	133.9	JP	16370
32.20	130.02	JP	16667
43.21	141.51	JP	16694
35.14	140.31	JP	16872
32.71	130.82	JP	16901
34.06	136.2	JP	16910
37.2	140.31	JP	16955
34.68	137.56	JP	16975
35.53	135.19	JP	16988
33.59	130.81	JP	17324
37.43	140.48	JP	17471
32.47	131.65	JP	17526
33.28	134.16	JP	17601
34.06	134.15	JP	17659
34.48	136.84	JP	17741
42.55	141.35	JP	17759
30.73	131	JP	17832
37.23	136.9	JP	17840
34.80	136.54	JP	17948
34.83	137.93	JP	18306
36.25	139.65	JP	18335
35.41	137.13	JP	18363
33.27	131.15	JP	18371
35.43	136.68	JP	18410
26.20	127.75	JP	18410
34.53	133.58	JP	18412
34.3	133.81	JP	18448
34.53	135.95	JP	18472
36.65	140.15	JP	18488
34.25	134.71	JP	18721
37.15	140.45	JP	18817
40.81	140.37	JP	18907
35.98	137.99	JP	18951
33.11	130.00	JP	18953
33.18	129.9	JP	18989
43.20	140.77	JP	18993
43.50	142.18	JP	19108
31.48	130.7	JP	19146
32.93	132.73	JP	19292
36.26	140.1	JP	19293
35.41	136.6	JP	19361
36.55	136.86	JP	19535
37.69	139.17	JP	19712
38.55	141.05	JP	19760
44.15	142.37	JP	19794
31.65	131.01	JP	19986
38.06	139.40	JP	20000
37.24	138.96	JP	20000
38.02	138.35	JP	20000
37.83	139.22	JP	20000
43.48	141.90	JP	20102
36.85	138.36	JP	20118
33.30	130.37	JP	20172
37.03	138.84	JP	20178
32.13	131.5	JP	20185
35.24	140.39	JP	20226
34.82	138.12	JP	20286
37.84	139.23	JP	20392
33.70	130.65	JP	20421
40.22	140.36	JP	20542
35.71	140.26	JP	20660
40.71	140.59	JP	20681
35.53	136.91	JP	20749
35.95	140.31	JP	20800
-2.27	37.81	KE	15038
-0.15	35.19	KE	15217
0.63	34.28	KE	15581
-3.96	39.54	KE	16254
0.87	35.12	KE	16355
0.89	34.92	KE	16560
-0.5	34.4	KE	16815
-0.90	34.52	KE	16815
-0.93	38.05	KE	17025
0.53	38.51	KE	17443
-2.08	37.47	KE	18325
-1.78	37.62	KE	19725
-0.50	34.73	KE	19947
-0.80	34.72	KE	20000
-1.80	37.62	KE	20681
-0.75	34.59	KE	20688
-0.98	36.58	KE	20823
-0.98	36.58	KE	20823
-1.48	40.03	KE	20912
0.05	35.72	KE	21385
3.35	40.22	KE	21517
-3.39	37.68	KE	22018
0.23	37.94	KE	22121
-1.19	34.61	KE	22194
-0.33	37.64	KE	22388
-0.09	34.27	KE	22712
3.15	41.18	KE	22882
3.71	34.85	KE	22984
-0.48	37.12	KE	23552
-1.22	34.46	KE	23891
-0.56	34.93	KE	24483
0.49	35.74	KE	24661
-1.85	36.77	KE	24678
-2.27	40.90	KE	25385
-3.35	40.02	KE	27857
-0.30	35.80	KE	28359
1.25	35.09	KE	28469
-1.36	38.01	KE	29062
-1.28	36.85	KE	29616
-0.49	37.28	KE	30045
-0.17	35.86	KE	30471
0.02	36.40	KE	30527
1.09	36.69	KE	31350
-3.86	39.47	KE	31715
0.06	34.28	KE	33153
3.93	41.22	KE	35644
2.33	37.99	KE	36289
0.03	36.36	KE	37650
0.39	34.30	KE	40894
0.20	35.10	KE	41997
0.67	35.50	KE	42000
-0.33	35.94	KE	42173
0.60	34.77	KE	42642
-0.72	37.15	KE	43314
-1.69	40.12	KE	43642
-1.65	37.37	KE	44086
-0.93	37.12	KE	44086
-0.52	34.45	KE	44949
0.33	34.48	KE	45485
-0.27	36.37	KE	47795
3.52	39.05	KE	47850
-0.24	35.73	KE	48356
1.01	39.49	KE	49599
-0.68	37.35	KE	51722
-3.39	38.55	KE	53353
-0.36	35.28	KE	53804
1.23	35.11	KE	56000
0.78	34.71	KE	56050
0.08	34.72	KE	60000
-0.50	36.31	KE	60711
-0.21	36.27	KE	60711
2.80	40.92	KE	60732
-1.05	36.77	KE	63319
-1.29	36.99	KE	63319
-1.52	37.26	KE	63767
-0.53	37.45	KE	64979
-1.08	35.87	KE	65430
0.56	34.56	KE	68031
-1.06	34.47	KE	71668
0.46	34.11	KE	71886
0.00	37.07	KE	72813
-3.63	39.84	KE	74270
-1.42	36.68	KE	76903
-4.29	39.56	KE	77686
0.35	37.58	KE	78650
39.93	69.56	KG	15019
42.34	78.00	KG	15075
41.41	71.48	KG	15426
40.63	73.59	KG	15616
41.03	72.48	KG	17177
42.88	75.08	KG	17513
40.26	72.61	KG	18228
41.06	72.63	KG	19774
41.87	72.94	KG	20577
42.88	74.67	KG	21118
42.89	74.85	KG	22617
42.82	74.10	KG	23046
41.34	72.21	KG	23594
40.26	72.1	KG	26200
40.70	72.86	KG	26609
40.06	70.81	KG	27730
40.89	72.90	KG	30534
40.25	72.12	KG	32000
39.83	69.52	KG	34219
42.52	72.24	KG	40308
41.03	72.74	KG	41011
41.42	75.99	KG	41178
42.46	76.18	KG	42875
42.81	73.84	KG	48278
40.76	73.30	KG	49410
42.84	75.30	KG	71443
42.49	78.39	KG	84351
40.93	73	KG	123239
40.52	72.79	KG	322164
42.87	74.59	KG	900000
13.73	106.98	KH	17000
12.84	102.60	KH	17850
14.18	103.51	KH	18694
13.49	106.98	KH	19205
12.71	104.88	KH	19951
12.48	106.01	KH	19975
10.61	104.18	KH	22691
13.58	102.97	KH	23218
11.08	105.79	KH	23956
13.80	104.98	KH	24380
13.52	105.96	KH	25000
11.54	103.03	KH	29329
11.91	105.65	KH	30000
11.48	105.32	KH	33079
11.61	102.98	KH	33134
11.45	104.52	KH	33231
10.98	104.77	KH	44270
11.48	104.95	KH	52066
12.53	103.91	KH	52476
11.99	105.46	KH	61750
10.60	103.52	KH	73036
12.25	104.66	KH	75244
13.65	102.56	KH	79000
13.10	103.19	KH	119251
13.36	103.86	KH	139458
10.99	104.78	KH	843931
11.56	104.91	KH	1573544
1.32	172.97	KI	40311
-12.28	43.74	KM	17291
-12.16	44.39	KM	26313
-11.70	43.25	KM	74749
17.29	-62.72	KN	12920
39.59	125.60	KP	15693
38.24	125.79	KP	16104
40.38	125.04	KP	18001
38.41	126.23	KP	18669
39.94	127.87	KP	19025
38.86	125.8	KP	19346
39.49	125.47	KP	19463
39.86	126.03	KP	19522
42.95	129.99	KP	19806
38.51	125.49	KP	19995
41.09	128.29	KP	20406
38.95	127.89	KP	20575
38.71	127.59	KP	21111
39.43	127.24	KP	21490
42.22	129.20	KP	21739
40.01	127.45	KP	21882
42.95	129.85	KP	22218
37.90	126.16	KP	22665
38.85	127.41	KP	24822
38.79	125.79	KP	25437
40.32	128.65	KP	26364
42.35	130.38	KP	27331
39.14	126.09	KP	28922
39.69	125.21	KP	29065
39.98	125.24	KP	30902
39.04	127.52	KP	31845
41.71	129.68	KP	34055
42.52	130.39	KP	34248
41.58	129.60	KP	35604
38.67	125.77	KP	35641
39.20	125.69	KP	36671
38.25	125.09	KP	39368
38.99	125.97	KP	39841
42.44	129.74	KP	43831
40.19	124.53	KP	50081
39.61	125.66	KP	50196
38.39	125.61	KP	53330
40.96	129.32	KP	63652
37.93	125.36	KP	64247
42.25	130.28	KP	66224
40.02	127.95	KP	70923
40.02	128.15	KP	76427
41.39	128.18	KP	97794
39.24	125.87	KP	100000
41.15	126.28	KP	116760
38.76	125.64	KP	152425
41.40	128.17	KP	192680
40.96	126.58	KP	209530
38.04	125.71	KP	222396
40.10	124.39	KP	288112
38.50	125.75	KP	310100
41.79	129.77	KP	327000
39.15	127.44	KP	329207
37.97	126.55	KP	338155
39.84	127.63	KP	346082
39.43	125.93	KP	437000
38.73	125.40	KP	455000
39.91	127.53	KP	559056
39.03	125.75	KP	3222000
34.84	127.34	KR	19842
35.27	126.51	KR	19909
37.89	128.82	KR	20600
36.24	128.29	KR	20673
35.72	126.73	KR	22267
36.97	126.45	KR	23149
33.46	126.31	KR	23717
38.10	127.70	KR	23822
34.57	126.59	KR	23928
38.10	127.98	KR	24027
36.17	127.77	KR	24154
36.12	127.1	KR	25015
36.10	127.48	KR	25243
37.18	128.46	KR	25413
37.74	126.48	KR	25535
35.64	127.51	KR	26463
34.97	128.32	KR	26704
35.91	128.82	KR	27236
36.91	127.13	KR	29239
35.99	128.39	KR	29691
35.20	127.46	KR	30000
35.79	127.42	KR	31273
36.43	129.05	KR	31313
36.27	126.90	KR	32642
36.89	126.62	KR	32778
36.23	128.57	KR	34293
36.00	129.31	KR	34560
36.10	129.34	KR	36080
37.29	127.63	KR	37490
35.61	127.27	KR	37514
36.67	126.84	KR	39409
37.44	129.17	KR	42145
35.02	126.71	KR	42459
35.24	129.21	KR	43064
37.85	126.78	KR	43208
36.20	127.08	KR	43845
36.81	127.79	KR	44461
35.80	126.88	KR	44894
37.17	128.98	KR	48962
35.49	128.74	KR	53103
34.82	126.10	KR	53150
34.80	126.69	KR	55000
37.83	127.51	KR	55415
35.96	128.93	KR	56006
36.30	127.56	KR	56634
35.06	126.98	KR	59914
36.85	127.44	KR	60964
36.34	126.59	KR	62039
38.37	128.46	KR	62446
37.29	127.50	KR	63026
35.80	128.50	KR	64718
37.01	127.27	KR	69255
34.85	128.58	KR	72124
36.45	127.12	KR	72435
35.43	126.7	KR	72996
36.78	126.45	KR	74208
35.54	128.49	KR	74668
37.69	127.88	KR	75251
34.99	126.47	KR	75718
36.59	128.19	KR	77304
35.24	128.52	KR	80987
35.41	127.38	KR	81257
37.41	127.25	KR	81780
34.88	128.62	KR	82560
35.40	129.16	KR	83360
37.48	127.49	KR	83367
35.84	127.14	KR	84009
36.82	128.63	KR	84625
38.20	128.59	KR	89047
36.60	126.66	KR	89174
34.97	127.58	KR	89281
37.63	127.21	KR	90798
37.58	127.22	KR	96775
36.78	127.00	KR	97749
37.54	129.10	KR	101128
36.41	128.16	KR	101267
37.65	127.30	KR	106358
35.82	128.73	KR	129903
35.60	126.91	KR	139876
36.12	128.11	KR	150000
35.84	129.21	KR	155237
36.56	128.72	KR	158765
37.15	127.07	KR	158978
33.25	126.56	KR	178552
37.83	127.06	KR	179923
29.36	48.00	KW	17585
29.14	48.13	KW	18178
29.26	47.97	KW	18496
29.17	48.12	KW	23071
29.33	47.65	KW	24281
29.30	48.04	KW	30635
29.29	47.93	KW	36447
29.09	48.13	KW	39025
29.29	48.07	KW	40945
29.14	48.09	KW	52068
29.31	48.07	KW	58135
29.36	47.97	KW	60064
29.08	48.13	KW	68290
29.27	47.95	KW	86525
29.25	48.05	KW	139163
29.33	48.07	KW	147649
29.33	48.02	KW	164212
29.07	48.08	KW	637411
19.38	-81.39	KY	15335
19.28	-81.37	KY	29370
43.00	71.51	KZ	15132
42.87	73.19	KZ	15934
44.77	65.55	KZ	16455
53.29	69.59	KZ	16773
47.46	84.87	KZ	17600
52.63	70.41	KZ	17711
42.53	70.34	KZ	18421
48.82	58.15	KZ	18760
43.41	77.02	KZ	18864
47.06	51.86	KZ	19260
45.48	64.07	KZ	20065
50.62	81.91	KZ	20087
45.25	77.98	KZ	20492
43.35	76.85	KZ	20996
42.18	69.88	KZ	21238
43.90	67.24	KZ	21339
49.33	81.57	KZ	22047
50.25	58.43	KZ	23715
41.46	69.16	KZ	25139
41.25	67.96	KZ	25356
42.42	69.82	KZ	26115
44.86	78.72	KZ	26678
48.03	48.9	KZ	27072
47.83	59.61	KZ	27399
49.46	57.41	KZ	28196
44.17	66.73	KZ	29832
43.35	77.45	KZ	32995
46.80	61.66	KZ	33017
47.96	80.43	KZ	33479
43.56	69.73	KZ	33492
44.16	80.00	KZ	34422
51.80	68.35	KZ	34797
51.16	52.99	KZ	34799
49.63	72.86	KZ	35454
45.84	62.15	KZ	35883
42.43	68.80	KZ	36285
43.17	70.45	KZ	37881
43.60	73.76	KZ	39785
52.54	62.49	KZ	40000
49.70	72.59	KZ	41602
50.25	66.90	KZ	42000
43.86	77.06	KZ	42167
43.30	77.23	KZ	42194
49.80	72.83	KZ	42552
52.19	61.19	KZ	43104
52.04	76.92	KZ	44808
49.73	84.25	KZ	44929
52.35	71.88	KZ	46736
52.93	70.18	KZ	47290
46.95	54.01	KZ	51216
50.34	83.51	KZ	52664
43.51	68.50	KZ	57408
45.61	63.31	KZ	70000
45.41	79.91	KZ	76919
46.84	74.98	KZ	81364
43.34	52.86	KZ	103598
47.78	67.71	KZ	104357
45.01	78.37	KZ	116558
51.72	75.32	KZ	121470
52.97	63.11	KZ	124000
43.64	51.17	KZ	147443
53.28	69.4	KZ	150649
50.05	72.95	KZ	170600
54.86	69.15	KZ	200920
53.21	63.62	KZ	210000
43.29	68.25	KZ	227098
47.11	51.88	KZ	290700
50.42	80.26	KZ	292780
49.97	82.60	KZ	319067
52.28	76.96	KZ	329002
51.23	51.36	KZ	330000
51.18	71.44	KZ	345604
44.85	65.50	KZ	354800
42.9	71.36	KZ	358153
49.80	73.10	KZ	497777
50.27	57.20	KZ	500757
42.3	69.6	KZ	1200000
43.25	76.91	KZ	1977011
20.24	100.45	LA	15500
18.39	103.66	LA	21967
20.69	101.98	LA	25000
18.92	102.44	LA	25000
19.44	103.19	LA	37507
20.41	104.04	LA	46800
19.89	102.15	LA	47378
17.41	104.83	LA	85000
15.12	105.79	LA	88332
16.57	104.76	LA	125760
17.96	102.6	LA	196731
34.25	36.01	LB	20000
34.12	35.64	LB	20784
33.11	35.13	LB	24910
34.00	36.21	LB	30916
33.51	35.36	LB	50000
33.84	35.90	LB	78145
33.98	35.61	LB	96315
33.40	35.48	LB	98433
33.37	35.48	LB	120000
33.27	35.19	LB	135204
33.55	35.37	LB	163554
34.43	35.84	LB	229398
33.9	35.48	LB	1251739
33.89	35.50	LB	1916100
13.99	-61.00	LC	20000
47.14	9.52	LI	5197
6.89	80.59	LK	15073
7.25	80.34	LK	17962
6.41	81.33	LK	20935
8.13	81.43	LK	21000
5.97	80.42	LK	22179
6.90	80.08	LK	22918
7.77	81.60	LK	22982
7.16	80.56	LK	24283
7.57	79.79	LK	24712
6.97	80.78	LK	27500
7.48	80.36	LK	28571
6.96	79.88	LK	28784
6.95	79.92	LK	28846
6.98	79.89	LK	30725
7.07	79.89	LK	32175
7.04	79.89	LK	33424
6.93	79.92	LK	33540
6.71	79.90	LK	33735
6.47	79.98	LK	34250
6.84	80.00	LK	34664
7.46	80.62	LK	36462
6.42	79.99	LK	37000
6.58	79.95	LK	37081
7.02	79.90	LK	41306
7.29	81.68	LK	43720
5.92	80.58	LK	45000
8.03	79.82	LK	45661
6.98	81.05	LK	47587
6.68	80.40	LK	47832
6.23	80.05	LK	56783
6.99	79.88	LK	56978
8.75	80.49	LK	60176
8.31	80.41	LK	60943
6.92	79.90	LK	64565
6.93	79.88	LK	64887
7.86	80.65	LK	66716
6.89	79.91	LK	75633
5.94	80.53	LK	76254
9.81	80.16	LK	78205
7.16	79.88	LK	84643
7.71	81.69	LK	86742
9.81	80.23	LK	89810
6.04	80.21	LK	93118
7.40	81.83	LK	100171
8.57	81.22	LK	108420
7.29	80.63	LK	111701
6.88	79.90	LK	115826
6.89	79.90	LK	118179
7.20	79.83	LK	137223
6.77	79.88	LK	168280
9.66	80.00	LK	169102
6.84	79.92	LK	195355
6.84	79.87	LK	219827
6.93	79.84	LK	648034
7.36	-8.71	LR	17895
5.01	-9.03	LR	20184
6.96	-8.84	LR	20818
6.87	-10.82	LR	22005
8.42	-9.74	LR	23051
7.57	-8.53	LR	24695
8.36	-10.20	LR	31052
4.58	-7.67	LR	35423
4.37	-7.71	LR	35503
6.24	-10.35	LR	38208
6.06	-8.13	LR	38269
6.53	-10.35	LR	52247
7.23	-8.98	LR	63523
5.87	-10.04	LR	75854
6.99	-9.47	LR	86031
6.30	-10.79	LR	1542549
-29.52	28.60	LS	16765
-30.11	28.68	LS	25573
-29.14	27.74	LS	27272
-30.40	27.70	LS	33910
-28.76	28.24	LS	40599
-28.87	28.04	LS	43967
-29.82	27.23	LS	45287
-30.15	27.47	LS	46593
-28.88	27.89	LS	61916
-29.31	27.48	LS	359753
55.81	23.53	LT	16344
55.70	21.39	LT	16433
55.88	21.24	LT	17249
55.59	26.43	LT	18024
55.91	21.06	LT	18207
55.91	21.84	LT	18904
55.25	24.75	LT	20154
54.69	25.18	LT	20320
55.25	22.28	LT	21203
55.98	22.24	LT	21294
54.66	25.24	LT	21346
55.28	23.97	LT	22677
54.88	23.90	LT	24270
55.49	25.59	LT	25397
55.08	24.27	LT	26423
54.67	25.26	LT	28157
54.71	25.21	LT	31000
54.66	25.20	LT	31097
54.69	25.21	LT	31200
56.31	22.33	LT	32470
54.73	25.21	LT	33056
54.66	25.28	LT	33500
54.55	23.35	LT	34975
54.70	25.25	LT	36000
54.69	25.41	LT	36800
54.73	25.24	LT	37000
54.70	25.31	LT	40000
54.93	23.93	LT	40453
54.92	23.88	LT	40600
54.39	24.04	LT	49195
54.91	23.96	LT	70000
55.73	24.35	LT	85885
55.93	23.31	LT	99462
55.70	21.13	LT	172292
54.90	23.90	LT	289380
54.68	25.27	LT	542366
49.48	6.08	LU	18013
49.49	5.98	LU	28228
49.61	6.13	LU	76684
56.86	24.36	LV	17606
57.31	25.27	LV	18198
56.96	23.15	LV	18348
57.48	26.44	LV	18956
56.81	24.61	LV	26760
57.54	25.42	LV	26963
56.49	25.85	LV	27078
56.51	27.34	LV	38340
57.39	21.56	LV	42644
56.96	23.77	LV	54088
56.65	23.71	LV	61791
56.50	21.01	LV	85132
55.88	26.53	LV	111564
56.94	24.10	LV	742572
32.02	12.35	LY	15031
32.18	13.06	LY	15134
30.80	18.07	LY	15509
27.54	14.27	LY	16200
32.69	13.84	LY	16708
31.44	12.98	LY	16735
26.09	13.55	LY	16746
32.71	13.96	LY	17122
32.74	12.84	LY	17350
31.66	20.25	LY	19918
32.63	12.87	LY	20687
30.95	20.12	LY	21015
32.06	12.52	LY	22680
26.52	13.01	LY	23449
29.12	15.94	LY	24431
32.75	22.24	LY	24631
32.67	12.87	LY	25684
32.03	12.86	LY	27713
31.86	10.98	LY	28431
32.80	21.86	LY	29206
25.91	13.91	LY	30491
30.40	19.57	LY	31300
32.88	11.98	LY	31607
32.19	20.59	LY	32563
31.93	12.25	LY	33000
26.59	12.77	LY	33569
32.93	12.08	LY	33887
32.17	13.02	LY	36110
24.19	23.29	LY	42079
31.74	13.98	LY	45734
24.20	23.28	LY	46050
32.74	13.71	LY	49610
32.53	13.01	LY	52404
32.43	13.63	LY	52420
32.71	13.06	LY	57069
32.58	14.03	LY	73907
32.75	12.57	LY	77114
32.76	12.67	LY	81119
32.79	12.48	LY	83398
32.49	20.82	LY	85315
32.88	13.35	LY	100000
32.68	13.18	LY	100069
32.85	12.06	LY	102000
32.76	22.63	LY	102581
31.20	16.58	LY	106705
27.05	14.4	LY	126386
32.76	21.75	LY	129439
32.75	12.37	LY	130546
30.75	20.22	LY	131773
32.08	23.95	LY	141499
27.03	14.42	LY	149329
32.81	13.01	LY	154389
32.75	12.72	LY	186123
32.75	12.72	LY	200000
32.64	14.26	LY	201943
32.46	14.56	LY	203790
32.37	15.09	LY	355657
32.11	20.06	LY	757490
32.88	13.18	LY	1302947
33.16	-5.84	MA	15480
33.94	-4.99	MA	15491
29.17	-9.71	MA	15536
35.04	-3.45	MA	15568
30.50	-8.79	MA	15570
31.21	-8.23	MA	15685
28.60	-9.42	MA	15910
34.97	-3.37	MA	16096
34.94	-3.53	MA	16402
33.94	-6.93	MA	16773
32.72	-5.10	MA	17091
34.84	-6.06	MA	17217
34.00	-6.53	MA	17325
33.86	-6.92	MA	17352
32.90	-6.77	MA	17504
34.00	-2.03	MA	17787
33.34	-3.70	MA	17895
31.69	-4.95	MA	17929
31.81	-7.51	MA	18060
33.63	-5.58	MA	18182
33.81	-4.40	MA	18278
31.60	-7.98	MA	18410
31.24	-6.13	MA	18515
30.67	-8.18	MA	19010
33.42	-6.00	MA	19014
33.68	-7.33	MA	19622
35.10	-3.84	MA	19951
32.10	-9.08	MA	20248
29.74	-7.97	MA	20322
31.28	-4.26	MA	20469
34.37	-5.21	MA	20487
33.88	-5.59	MA	20831
33.72	-5.01	MA	20884
32.50	-7.19	MA	21004
34.95	-2.10	MA	21435
33.74	-7.30	MA	21679
32.57	-6.01	MA	21840
31.22	-7.67	MA	22283
33.97	-5.09	MA	22345
34.05	-5.00	MA	22451
33.47	-7.93	MA	22525
31.17	-8.84	MA	22753
33.27	-7.23	MA	22773
35.07	-2.94	MA	23553
29.37	-10.17	MA	23606
31.28	-4.26	MA	24251
33.45	-7.51	MA	24506
35.70	-5.89	MA	25771
33.37	-7.61	MA	25991
32.2	-6.8	MA	26008
33.37	-7.99	MA	26355
30.64	-8.46	MA	26521
32.08	-8.62	MA	26538
31.75	-8.11	MA	27383
33.88	-6.96	MA	27384
34.11	-6.73	MA	27577
32.64	-5.91	MA	27723
33.04	-3.98	MA	27937
32.25	-4.50	MA	28382
33.90	-5.36	MA	28693
34.04	-4.42	MA	30279
31.54	-8.76	MA	30432
30.36	-9.41	MA	30526
33.81	-6.91	MA	30705
33.93	-5.21	MA	30889
34.25	-6.67	MA	31269
34.49	-5.50	MA	31318
32.53	-1.96	MA	31499
31.43	-4.23	MA	31971
31.73	-7.00	MA	32217
34.90	-2.35	MA	32979
31.83	-7.31	MA	33103
30.90	-6.91	MA	33929
35.46	-6.03	MA	34011
34.57	-5.95	MA	34393
33.55	-7.48	MA	35797
33.06	-7.24	MA	36149
35.15	-3.00	MA	37154
33.68	-5.37	MA	38527
30.49	-9.63	MA	38617
34.94	-2.73	MA	39099
35.14	-3.85	MA	40000
33.41	-7.85	MA	40146
33.78	-7.15	MA	40663
34.53	-4.64	MA	41075
43.73	7.42	MC	16012
43.73	7.42	MC	32965
46.72	29.70	MD	15356
47.65	28.04	MD	15479
46.97	28.81	MD	15934
48.03	27.81	MD	16080
47.89	28.29	MD	16759
46.83	28.59	MD	16900
47.14	28.60	MD	19225
46.63	29.41	MD	21690
46.06	28.83	MD	22700
48.17	27.30	MD	22872
46.29	28.65	MD	22911
47.26	29.16	MD	23254
47.38	28.82	MD	24918
48.15	28.28	MD	27423
47.21	27.80	MD	34422
45.90	28.19	MD	34492
47.76	29.01	MD	55455
46.83	29.47	MD	110175
47.76	27.92	MD	125000
46.84	29.62	MD	157000
47.00	28.85	MD	635994
42.39	18.91	ME	15137
43.03	19.74	ME	15400
42.09	19.09	ME	17727
42.28	18.84	ME	18000
43.35	19.35	ME	19489
42.45	18.53	ME	19536
42.77	18.94	ME	58212
42.44	19.26	ME	236852
18.06	-63.08	MF	5700
-16.1	45.31	MG	15174
-21.15	46.58	MG	15601
-22.35	47.83	MG	15622
-18.96	47.73	MG	16000
-18.7	47.78	MG	16000
-13.5	48.86	MG	16114
-21.3	47.63	MG	16607
-19.33	48.97	MG	16771
-18.7	47.68	MG	17000
-18.63	47.7	MG	17000
-22	47.85	MG	17000
-23.26	46.08	MG	18350
-15.25	48.54	MG	18596
-21.66	45.16	MG	18632
-18.43	46.56	MG	19605
-22.81	47.28	MG	19949
-24.21	45.31	MG	20915
-16.66	46.1	MG	21000
-18.81	49.06	MG	21000
-19.9	47.23	MG	21000
-19.52	45.45	MG	21627
-22.9	44.53	MG	21826
-25.16	45.05	MG	23021
-13.35	50	MG	23349
-18.91	47.8	MG	23498
-18.06	44.02	MG	23609
-19.69	44.54	MG	23900
-15.55	47.66	MG	23906
-21.74	43.36	MG	23961
-14.75	50.21	MG	25000
-18.81	47.43	MG	25163
-17.35	49.03	MG	25311
-18.4	47.86	MG	25541
-22.28	44.51	MG	25961
-20.05	48.11	MG	26160
-16.79	47.65	MG	26446
-21.23	48.34	MG	26712
-19.43	46.75	MG	27000
-23.55	47.5	MG	27000
-23.72	44.38	MG	27125
-16.95	46.83	MG	27459
-20.6	48.33	MG	28000
-16.98	49.85	MG	28406
-18.31	47.11	MG	28430
-25.3	45.48	MG	29825
-19.01	47.18	MG	29997
-16.09	47.64	MG	30282
-20.23	47.38	MG	30958
-13.08	48.85	MG	32080
-14.54	48.74	MG	32764
-19.38	47.41	MG	34198
-17.58	48.22	MG	35266
-16.46	46.71	MG	35432
-19.83	46.85	MG	36364
-14.65	49.65	MG	36660
-22.82	47.82	MG	36724
-20.58	48.53	MG	37152
-16.16	49.76	MG	37224
-19.4	46.95	MG	37563
-17.46	49.2	MG	37861
-21.88	47.43	MG	38851
-16.91	49.58	MG	39271
-17.01	48.57	MG	39428
-20.55	46.80	MG	39618
-19.9	48.8	MG	40033
-24.69	44.74	MG	40244
-14.87	47.98	MG	40512
-23.35	47.6	MG	40813
-16.11	46.64	MG	41611
-22.40	46.12	MG	41892
-19.16	46.73	MG	42410
-20.53	47.24	MG	43504
-17.38	49.40	MG	44199
-15.43	49.73	MG	45041
-21.83	46.93	MG	45784
-22.14	48.01	MG	46850
-18.76	46.04	MG	47087
-25.03	46.38	MG	48705
-17.83	48.41	MG	50463
-13.39	48.26	MG	53219
-20.28	44.31	MG	56671
-18.94	48.23	MG	60456
-13.66	48.45	MG	63884
-13.2	49.05	MG	66029
-25.17	46.08	MG	69265
7.08	171.38	MH	0
7.08	171.38	MH	25400
41.92	20.91	MK	15166
41.94	20.92	MK	15376
41.96	20.98	MK	16267
41.99	21.58	MK	16406
41.08	21.01	MK	16539
41.96	22.76	MK	17415
41.87	20.88	MK	17518
41.52	20.52	MK	18074
41.88	22.50	MK	18218
41.92	21.53	MK	18219
41.48	22.09	MK	19515
41.14	22.50	MK	20664
42.04	21.42	MK	20800
42.20	22.33	MK	20820
42.07	21.05	MK	23096
41.63	22.46	MK	24984
42	21.32	MK	25379
41.98	21.06	MK	25422
42.15	21.58	MK	28102
41.51	20.95	MK	31123
41.43	22.64	MK	33825
41.91	22.41	MK	34258
42.03	21.44	MK	36154
41.17	20.67	MK	37387
41.43	22.01	MK	38799
42.00	21.35	MK	41000
41.11	20.80	MK	42033
41.47	20.55	MK	45412
41.74	22.19	MK	48279
41.79	20.90	MK	50974
41.71	21.77	MK	57873
41.94	21.50	MK	58216
42.00	20.97	MK	63176
42.01	21.44	MK	64773
41.03	21.33	MK	69287
41.34	21.55	MK	73814
42.13	21.71	MK	75051
41.99	21.43	MK	474889
13.96	-5.35	ML	15750
12.2	-10.7	ML	15830
11.93	-8.41	ML	17232
12.35	-4.77	ML	17447
16.41	-3.67	ML	19400
13.46	-7.38	ML	22059
12.56	-7.91	ML	22499
12.18	-4.80	ML	22991
12.48	-6.79	ML	23535
15.16	-7.28	ML	23599
12.68	-7.86	ML	24085
12.52	-8.03	ML	24241
14.04	-6.10	ML	24301
11.18	-8.15	ML	24399
14.06	-3.07	ML	24694
13.82	-6.12	ML	26399
14.35	-3.61	ML	26460
13.68	-5.83	ML	26559
13.80	-10.83	ML	26823
13.54	-7.44	ML	30591
16.25	-3.40	ML	31348
10.48	-5.64	ML	31593
12.95	-5.76	ML	33779
15.00	-2.94	ML	37002
10.55	-5.76	ML	38149
18.44	1.40	ML	40030
13.90	-4.55	ML	40489
10.30	-6.10	ML	41317
12.70	-7.90	ML	42314
16.95	-0.34	ML	42371
13.57	-8.03	ML	48774
13.42	-6.22	ML	50552
15.22	-9.59	ML	51933
14.25	-5.98	ML	52584
13.68	-6.07	ML	53738
12.77	-6.95	ML	56809
12.86	-7.55	ML	64128
12.70	-7.96	ML	70619
13.03	-9.48	ML	75598
16.77	-3.00	ML	84208
11.41	-7.48	ML	90234
13.30	-4.89	ML	103227
12.74	-8.07	ML	130254
16.27	-0.04	ML	133110
12.57	-8.02	ML	148247
14.48	-4.18	ML	186187
14.44	-11.44	ML	194716
13.44	-6.25	ML	205787
12.39	-5.46	ML	218031
11.31	-5.66	ML	349324
12.65	-8	ML	4227569
19.67	97.20	MM	17293
22.64	93.61	MM	20000
18.49	95.50	MM	36971
17.29	96.57	MM	38059
17.78	95.75	MM	38936
16.37	95.26	MM	39115
17.04	95.63	MM	40092
16.90	96.56	MM	40322
18.48	96.43	MM	40386
18.28	95.32	MM	42252
16.60	95.18	MM	42705
23.64	94.40	MM	44540
16.68	98.50	MM	45000
16.71	95.92	MM	46516
24.25	97.23	MM	47920
16.07	97.56	MM	48100
16.52	97.61	MM	48629
17.30	97.01	MM	48658
16.88	97.63	MM	50000
21.60	96.13	MM	50480
16.73	95.65	MM	51542
20.44	99.88	MM	51553
16.44	95.72	MM	52425
16.75	96.52	MM	52496
17.65	95.78	MM	54386
20.18	94.87	MM	57342
19.36	95.21	MM	57897
9.98	98.55	MM	57949
16.70	96.00	MM	58146
20.43	96.13	MM	59867
16.28	95.67	MM	65601
16.29	95.39	MM	68938
16.76	96.24	MM	69448
20.00	95.54	MM	70094
21.87	95.97	MM	78739
22.56	95.69	MM	88914
16.25	97.72	MM	89123
17.95	96.72	MM	89626
22.91	96.50	MM	90843
20.89	94.81	MM	90870
25.38	97.39	MM	90894
20.14	94.93	MM	96954
19.73	96.20	MM	97409
19.32	95.18	MM	98185
18.94	96.43	MM	106945
20.46	94.87	MM	110553
22.03	96.45	MM	117303
16.91	97.37	MM	123727
21.33	95.08	MM	126938
22.93	97.74	MM	131016
17.64	95.45	MM	134947
18.82	95.22	MM	135308
14.08	98.19	MM	136783
21.46	95.38	MM	141713
20.78	97.03	MM	160115
21.63	99.92	MM	171620
12.43	98.60	MM	173298
20.87	95.85	MM	177442
20.14	92.89	MM	177743
22.10	95.13	MM	182011
16.77	94.73	MM	237089
17.33	96.48	MM	244376
15.82	98.25	MM	246065
16.49	97.62	MM	438861
19.74	96.12	MM	925000
21.97	96.08	MM	1208099
16.80	96.15	MM	4477638
47.74	96.84	MN	16265
47.70	106.95	MN	16953
47.70	106.95	MN	16953
48.81	103.53	MN	17348
46.37	96.25	MN	17617
46.68	113.27	MN	18190
48.85	106.45	MN	18830
44.88	110.11	MN	19891
47.47	101.45	MN	21620
47.31	110.65	MN	22741
50.23	106.20	MN	22741
43.57	104.42	MN	24863
44.67	102.17	MN	27924
48.96	89.96	MN	28400
46.26	102.77	MN	29420
48.00	91.64	MN	29800
49.98	92.06	MN	30092
46.19	100.71	MN	30931
49.63	100.16	MN	39404
49.48	105.92	MN	83883
49.03	104.08	MN	97814
47.90	106.88	MN	844818
22.15	113.55	MO	112051
22.20	113.54	MO	649335
15.21	145.75	MP	48220
14.73	-60.96	MQ	15040
14.67	-61.03	MQ	16974
14.57	-60.97	MQ	17394
14.61	-60.90	MQ	19682
14.78	-60.99	MQ	20380
14.67	-60.94	MQ	23814
14.61	-60.99	MQ	40581
14.60	-61.07	MQ	89995
17.50	-13.09	MR	15446
16.39	-10.17	MR	15684
19.74	-14.38	MR	15851
16.51	-15.80	MR	15870
16.24	-8.16	MR	17465
17.05	-13.91	MR	19183
16.59	-14.26	MR	20291
16.60	-15.34	MR	22041
17.54	-14.69	MR	27170
17.07	-12.03	MR	27590
16.66	-9.61	MR	28174
20.51	-13.04	MR	31133
15.15	-12.18	MR	32653
18.09	-15.98	MR	48093
22.73	-12.47	MR	55183
16.15	-13.50	MR	56283
15.85	-5.79	MR	58985
16.61	-7.25	MR	60000
18.10	-15.92	MR	61089
16.62	-11.40	MR	62051
20.94	-17.03	MR	146048
18.08	-15.97	MR	1184530
16.70	-62.21	MS	0
16.79	-62.21	MS	1000
35.89	14.51	MT	6794
35.87	14.53	MT	15648
35.87	14.47	MT	16801
35.91	14.50	MT	22591
35.90	14.42	MT	23482
35.89	14.46	MT	24356
35.95	14.41	MT	32042
-20.11	57.49	MU	15301
-20.13	57.53	MU	15662
-20.22	57.53	MU	16704
-20.40	57.7	MU	17042
-20.18	57.71	MU	17710
-20.25	57.40	MU	17818
-20.25	57.74	MU	18036
-20.03	57.65	MU	21063
-20.05	57.55	MU	24361
-20.26	57.47	MU	77308
-20.31	57.52	MU	78618
-20.23	57.46	MU	111355
-20.29	57.47	MU	115289
-20.16	57.49	MU	155226
4.17	73.50	MV	103693
-11.60	34.29	MW	16099
-16.03	35.5	MW	16672
-14.08	34.91	MW	16867
-9.70	33.26	MW	20011
-15.60	34.52	MW	20345
-14.82	34.63	MW	23956
-11.01	33.85	MW	25216
-13.53	33.73	MW	27681
-11.9	33.6	MW	29432
-16.91	35.26	MW	30276
-13.79	32.88	MW	31592
-12.92	34.29	MW	31974
-14.37	34.33	MW	34882
-14.97	34.95	MW	40950
-15.06	35.22	MW	41077
-13.78	34.45	MW	41492
-14.47	35.26	MW	60338
-13.03	33.48	MW	66152
-9.93	33.93	MW	69486
-15.38	35.31	MW	118440
-11.46	34.02	MW	249564
-15.78	35.00	MW	902588
-13.96	33.78	MW	1115815
20.95	-97.44	MX	15011
16.79	-96.67	MX	15016
19.18	-99.41	MX	15043
19.88	-102.20	MX	15068
17.21	-100.63	MX	15119
15.76	-96.13	MX	15130
19.44	-98.10	MX	15161
25.95	-100.16	MX	15162
32.56	-115.35	MX	15168
21.67	-102.58	MX	15182
19.18	-102.84	MX	15221
19.66	-99.06	MX	15235
19.71	-98.96	MX	15244
19.78	-98.55	MX	15244
19.07	-97.04	MX	15252
20.05	-97.05	MX	15297
19.20	-100.56	MX	15302
16.96	-99.09	MX	15370
19.22	-98.92	MX	15389
24.29	-103.39	MX	15431
19.52	-102.41	MX	15434
29.19	-108.14	MX	15447
18.46	-95.30	MX	15459
22.00	-99.64	MX	15469
32.40	-116.94	MX	15486
16.33	-92.56	MX	15496
19.18	-99.07	MX	15507
20.70	-103.97	MX	15512
19.46	-97.68	MX	15536
20.55	-100.39	MX	15538
19.53	-98.87	MX	15584
18.33	-97.24	MX	15592
23.92	-106.89	MX	15657
18.17	-93.06	MX	15695
19.22	-99.67	MX	15853
19.86	-100.82	MX	15875
19.71	-98.96	MX	15911
18.93	-103.96	MX	15923
20.51	-103.23	MX	15946
23.73	-103.98	MX	15982
19.29	-98.46	MX	15998
22.99	-105.85	MX	16001
19.10	-98.87	MX	16021
18.15	-94.55	MX	16074
20.03	-98.35	MX	16078
19.08	-97.97	MX	16085
22.07	-102.27	MX	16124
19.21	-98.38	MX	16125
21.14	-101.62	MX	16166
20.93	-89.01	MX	16195
20.90	-103.97	MX	16214
19.24	-98.19	MX	16240
16.54	-92.47	MX	16240
19.61	-99.14	MX	16250
30.52	-115.92	MX	16294
18.20	-98.04	MX	16307
22.00	-98.77	MX	16318
21.78	-103.30	MX	16396
19.27	-99.77	MX	16442
24.44	-104.12	MX	16506
19.29	-99.76	MX	16509
25.97	-100.45	MX	16524
21.36	-102.84	MX	16562
14.99	-92.16	MX	16572
19.20	-101.70	MX	16595
17.17	-92.33	MX	16622
27.24	-100.13	MX	16628
16.62	-93.10	MX	16637
18.94	-97.80	MX	16683
18.70	-99.18	MX	16691
19.03	-98.79	MX	16700
31.02	-114.83	MX	16702
20.06	-98.71	MX	16747
18.88	-98.86	MX	16811
22.62	-101.71	MX	16821
19.28	-98.19	MX	16834
15.68	-93.20	MX	16917
19.59	-98.91	MX	16933
27.89	-101.42	MX	16970
32.28	-115.10	MX	17119
19.55	-98.91	MX	17124
20.29	-102.70	MX	17204
18.90	-97.63	MX	17213
19.04	-98.11	MX	17262
19.13	-97.64	MX	17263
4.18	102.04	MY	15448
2.21	102.32	MY	15497
5.82	116.04	MY	15716
1.99	112.93	MY	15771
5.34	115.74	MY	15855
5.81	100.47	MY	15964
4.45	100.62	MY	16317
3.42	101.18	MY	16393
5.51	100.42	MY	17131
3.76	100.98	MY	17251
2.25	102.18	MY	17391
1.86	103.11	MY	17441
1.82	103.3	MY	17528
4.3	101.15	MY	19056
6.1	100.3	MY	19231
6	102.25	MY	19233
5.73	115.93	MY	19278
5.95	116.66	MY	19294
2.73	102.24	MY	19510
4.88	101.96	MY	19731
5.47	100.24	MY	20000
2.99	101.39	MY	20000
3.38	101.41	MY	20001
2.38	102.20	MY	20163
5.01	100.54	MY	20476
4.63	103.43	MY	21044
3.25	101.55	MY	21185
5.20	103.20	MY	21410
2.38	103.02	MY	21906
2.43	103.84	MY	22007
2.65	101.56	MY	22340
3.31	101.46	MY	22579
6.03	102.28	MY	23288
1.51	103.51	MY	23292
3.28	101.51	MY	23307
5.46	100.30	MY	24071
4.51	103.44	MY	24401
2.87	101.49	MY	24857
2.24	102.24	MY	25028
2.26	102.14	MY	26044
4.75	115.01	MY	26199
3.67	100.98	MY	26939
2.01	103.06	MY	27138
5.46	100.38	MY	27191
1.24	111.45	MY	27207
5.12	100.49	MY	27313
4.16	101.2	MY	27863
2.47	102.23	MY	28238
3.36	101.60	MY	28484
5.8	102.15	MY	29116
2.35	102.11	MY	29185
2.11	111.51	MY	29281
4.11	101.28	MY	30016
6.32	99.84	MY	30212
2.04	102.65	MY	30280
2.80	102.40	MY	31273
3.48	103.39	MY	31826
6.88	116.82	MY	32393
3.93	102.36	MY	33606
2.26	102.54	MY	35109
2.80	101.79	MY	36720
2.26	102.28	MY	37716
4.86	115.40	MY	38385
2.21	102.19	MY	38643
4.76	100.93	MY	39331
4.23	100.62	MY	39595
5.91	102.21	MY	39904
3.78	101.85	MY	40024
5.16	100.47	MY	40072
3.48	102.34	MY	42171
4.46	101.04	MY	46183
5.72	100.50	MY	47585
2.81	101.50	MY	48240
3.52	101.90	MY	49213
2.89	112.09	MY	49900
2.93	101.69	MY	50000
1.48	103.38	MY	50836
1.73	103.89	MY	52743
5.28	115.25	MY	54752
2.21	102.28	MY	55656
3.35	101.25	MY	55887
4.95	100.63	MY	58004
3.21	101.31	MY	58674
3.45	102.41	MY	59916
2.99	101.57	MY	60000
-14.72	34.36	MZ	15820
-18.99	33.08	MZ	15907
-18.98	32.73	MZ	15962
-19.86	34.46	MZ	16369
-17.26	38.13	MZ	17167
-18.58	36.45	MZ	17558
-17.31	37.50	MZ	17900
-15.45	38.67	MZ	19504
-15.02	38.04	MZ	20146
-17.82	35.34	MZ	21179
-18.67	34.07	MZ	21792
-17.49	37.02	MZ	22647
-12.24	40.12	MZ	23228
-14.94	37.41	MZ	23553
-24.68	33.25	MZ	23742
-17.32	35.58	MZ	24076
-14.96	40.66	MZ	24079
-23.32	35.38	MZ	24312
-18.05	33.17	MZ	25869
-13.71	39.83	MZ	26383
-11.66	39.55	MZ	27274
-26.04	32.33	MZ	27325
-11.31	40.35	MZ	27909
-16.73	39.23	MZ	29686
-19.26	34.21	MZ	30087
-14.94	38.32	MZ	30241
-15.59	32.76	MZ	31101
-25.02	33.09	MZ	32286
-14.87	37.00	MZ	32921
-16.09	35.77	MZ	35146
-14.92	39.98	MZ	37226
-13.38	39.78	MZ	37871
-19.08	33.64	MZ	39351
-18.93	32.87	MZ	41961
-22	35.31	MZ	43183
-16.11	33.72	MZ	45213
-11.35	40.35	MZ	45313
-18.29	35.94	MZ	45777
-15.63	37.68	MZ	49019
-14.91	40.30	MZ	50134
-15.72	39.34	MZ	52457
-15.03	40.73	MZ	55829
-24.53	32.98	MZ	63695
-25.40	32.80	MZ	65240
-24.68	33.53	MZ	73393
-19.60	34.74	MZ	82260
-13.12	38.99	MZ	88442
-14.80	36.53	MZ	91780
-23.86	35.38	MZ	95388
-16.23	39.90	MZ	104540
-25.44	31.99	MZ	110000
-14.35	35.65	MZ	118922
-23.85	35.34	MZ	126408
-25.05	33.64	MZ	154356
-15.46	36.97	MZ	168971
-16.83	36.98	MZ	196001
-12.97	40.51	MZ	232932
-14.56	40.68	MZ	239808
-13.31	35.24	MZ	281341
-17.87	36.88	MZ	349842
-16.15	33.58	MZ	357000
-19.11	33.48	MZ	422046
-19.84	34.83	MZ	687764
-15.11	39.26	MZ	770379
-25.96	32.45	MZ	1198988
-25.96	32.58	MZ	1254837
-26.64	15.15	NA	15137
-22.52	17.06	NA	21243
-22.45	18.97	NA	22639
-19.23	17.71	NA	22845
-17.39	15.89	NA	22963
-26.57	18.13	NA	23049
-17.78	15.76	NA	24012
-19.56	18.11	NA	24099
-21.98	16.90	NA	26832
-17.91	15.95	NA	27049
-20.46	16.64	NA	33481
-17.50	24.27	NA	33615
-23.31	17.09	NA	34185
-17.78	15.70	NA	43309
-22.67	14.52	NA	53009
-22.95	14.50	NA	73598
-17.91	19.77	NA	75180
-22.55	17.08	NA	386219
-22.15	166.45	NC	19346
-22.26	166.56	NC	24680
-22.27	166.44	NC	93060
13.11	1.79	NE	15988
13.30	7.15	NE	16538
14.35	3.31	NE	16544
13.21	12.02	NE	17778
13.10	2.36	NE	18333
13.08	2.91	NE	19529
13.52	7.91	NE	19860
13.30	2.33	NE	19957
15.89	5.79	NE	20704
13.78	2.95	NE	21740
13.95	7.67	NE	22183
13.50	7.77	NE	23545
13.65	6.69	NE	23718
13.98	10.27	NE	24752
14.73	0.91	NE	26290
14.97	8.88	NE	27527
15.45	6.27	NE	29561
14.46	5.24	NE	30439
14.20	1.45	NE	30822
14.24	13.10	NE	32035
13.56	7.04	NE	34529
12.99	8.90	NE	35091
13.42	8.47	NE	37374
14.07	5.96	NE	37858
13.70	9.15	NE	38446
14.00	0.75	NE	39410
14.51	6.76	NE	39645
13.64	4.02	NE	50037
13.31	12.61	NE	54082
13.75	7.98	NE	58750
11.88	3.44	NE	61533
13.04	3.19	NE	79406
13.79	5.25	NE	85494
17.01	8.01	NE	88561
18.73	7.38	NE	106448
16.97	7.99	NE	149549
14.88	5.26	NE	159468
13.80	8.98	NE	318874
13.5	7.10	NE	361702
13.51	2.10	NE	1323691
-29.05	167.96	NF	880
8.27	5.83	NG	15087
8.39	8.35	NG	15097
7.56	6.65	NG	15144
11.08	13.69	NG	15176
8.43	12.05	NG	15178
6.59	2.94	NG	15442
10.96	8.39	NG	15538
9.79	8.86	NG	15540
10.48	5.14	NG	15565
12.36	13.82	NG	15707
10.98	8.05	NG	15715
11.27	9.88	NG	15806
6.91	3.66	NG	15935
9.86	11.22	NG	15976
8.91	8.40	NG	15985
12.92	13.56	NG	16077
11.91	7.93	NG	16303
5.35	5.50	NG	16410
9.04	6.57	NG	16442
13.15	10.63	NG	16557
11.10	5.25	NG	16613
8.93	4.78	NG	16619
4.45	7.17	NG	16868
10.82	10.77	NG	16961
11.75	9.33	NG	17129
13.73	5.29	NG	17461
7.85	10.97	NG	17467
13.35	5.23	NG	17486
8.21	5.50	NG	17612
10.42	3.81	NG	17617
7.45	8.60	NG	17666
10.21	11.38	NG	17671
11.78	9.60	NG	17704
11.55	8.58	NG	17972
10.99	10.41	NG	18415
11.24	10.56	NG	18812
6.98	7.45	NG	18989
4.76	6.74	NG	19223
12.11	12.82	NG	19363
10.16	12.73	NG	19616
6.66	9.16	NG	19668
6.72	11.25	NG	19881
5.70	6.43	NG	20226
12.67	13.61	NG	20297
5.10	6.81	NG	20620
12.40	4.64	NG	20932
11.86	9.00	NG	20959
9.29	5.05	NG	21128
10.17	11.16	NG	21141
9.11	4.82	NG	21488
11.15	12.75	NG	21571
5.71	6.80	NG	21639
7.10	7.65	NG	21686
6.65	6.38	NG	21782
9.60	3.94	NG	21897
10.85	8.19	NG	22062
11.01	6.78	NG	22380
8.18	9.74	NG	22757
11.09	11.33	NG	22920
11.80	8.84	NG	23066
6.07	7.47	NG	23175
10.07	6.19	NG	24037
11.43	5.23	NG	24338
9.80	6.15	NG	24447
8.74	4.13	NG	24690
7.26	9.98	NG	24822
13.03	8.32	NG	25289
11.85	3.65	NG	25568
4.64	7.92	NG	25569
6.17	6.52	NG	26137
6.41	2.88	NG	26383
11.45	9.47	NG	26565
9.21	3.20	NG	26589
8.61	6.41	NG	26821
8.94	8.60	NG	27137
8.72	5.75	NG	28285
12.87	6.48	NG	28735
12.03	13.91	NG	29026
9.87	7.95	NG	30893
8.53	7.70	NG	30949
9.32	9.43	NG	31516
7.95	4.98	NG	35000
10.04	11.21	NG	35712
5.20	7.98	NG	36358
7.16	9.28	NG	36722
13.04	-86.90	NI	15385
13.73	-84.77	NI	16056
11.99	-86.30	NI	16469
12.38	-85.51	NI	16653
12.93	-85.22	NI	17018
12.48	-87.17	NI	19183
13.48	-86.58	NI	20316
12.15	-84.21	NI	20456
11.75	-86.05	NI	20810
11.91	-86.14	NI	21452
11.90	-86.20	NI	23347
12.34	-86.67	NI	23481
13.92	-86.12	NI	24037
12.26	-86.56	NI	26270
12.47	-85.65	NI	29046
11.84	-86.19	NI	29507
11.84	-86.43	NI	29836
11.43	-85.82	NI	30000
12.57	-87.02	NI	33137
14.03	-83.38	NI	33635
13.63	-86.47	NI	33928
11.85	-86.23	NI	35008
12.01	-83.76	NI	44373
12.10	-85.36	NI	50000
12.15	-86.34	NI	50000
12.19	-86.09	NI	50000
11.68	-84.45	NI	52929
12.66	-87.16	NI	53504
13.09	-86.00	NI	55000
12.23	-86.42	NI	61234
11.92	-85.95	NI	89409
13.09	-86.35	NI	96422
12.92	-85.91	NI	109089
12.62	-87.13	NI	126387
11.97	-86.09	NI	130113
12.43	-86.87	NI	144538
12.13	-86.25	NI	973087
52.07	4.65	NL	15222
52.20	4.86	NL	15230
52.22	4.52	NL	15510
52.64	6.21	NL	15765
52.73	4.77	NL	15941
51.55	5.69	NL	15995
51.60	4.79	NL	16000
53.17	5.42	NL	16119
51.83	5.79	NL	16121
51.59	4.91	NL	16230
51.95	4.47	NL	16305
52.1	6.64	NL	16493
52.17	4.50	NL	16500
51.99	4.49	NL	16579
51.69	5.97	NL	16642
53.23	6.56	NL	16710
52.37	4.53	NL	16868
51.56	5.45	NL	16931
52.29	5.16	NL	17115
52.78	6.12	NL	17138
52.66	5.60	NL	17345
52.70	5.29	NL	17365
51.97	5.34	NL	17465
51.75	4.16	NL	17554
51.99	5.97	NL	17669
51.99	4.20	NL	17753
52.30	5.04	NL	17802
51.95	5.56	NL	18061
51.31	5.35	NL	18181
51.35	5.31	NL	18185
51.85	4.42	NL	18250
51.86	4.66	NL	18348
52.29	4.58	NL	18419
53.14	7.03	NL	18506
52.05	5.28	NL	18553
52.01	4.42	NL	18695
51.77	5.93	NL	18741
52.07	4.54	NL	18959
52.33	5.54	NL	19022
51.92	6.58	NL	19141
52.00	4.16	NL	19190
52.08	4.75	NL	19395
51.92	6.41	NL	19496
52.37	5.78	NL	19496
51.98	6.56	NL	19590
53.16	6.37	NL	19651
51.44	5.51	NL	19680
51.99	5.09	NL	19931
51.30	5.58	NL	19966
52.98	6.95	NL	20000
52.20	4.39	NL	20010
52.38	6.27	NL	20015
51.99	4.47	NL	20189
51.34	6.13	NL	20190
52.40	6.78	NL	20334
51.91	5.84	NL	20488
52.30	6.74	NL	20550
51.89	5.09	NL	20758
51.70	4.85	NL	20941
51.84	4.63	NL	21027
52.18	4.46	NL	21149
52.09	6.15	NL	21344
53.16	6.76	NL	21480
52.44	5.84	NL	21844
51.83	4.13	NL	21927
52.49	5.07	NL	22000
52.08	5.03	NL	22116
51.42	3.73	NL	22285
52.26	4.55	NL	22321
52.26	7.00	NL	22431
52.12	4.44	NL	22468
51.52	5.06	NL	22646
52.25	4.75	NL	22991
52.10	4.27	NL	23000
51.62	5.07	NL	23000
52.25	5.60	NL	23168
51.47	5.55	NL	23223
51.62	5.43	NL	23239
52.35	6.59	NL	23244
52.60	4.68	NL	23464
51.82	4.41	NL	23569
51.58	4.31	NL	23582
51.82	4.77	NL	23854
52.15	6.73	NL	24137
52.46	4.74	NL	24230
69.96	23.27	NO	15094
60.79	10.69	NO	17596
59.66	9.65	NO	17667
60.19	11.99	NO	17949
66.31	14.14	NO	18866
64.01	11.49	NO	20000
63.74	11.29	NO	20171
68.79	16.54	NO	20953
59.12	11.38	NO	21970
59.05	10.03	NO	23113
63.11	7.72	NO	24013
58.34	8.59	NO	24017
60.30	5.28	NO	24044
59.41	10.48	NO	27178
61.11	10.46	NO	28425
60.79	11.06	NO	29479
58.46	8.77	NO	30916
62.73	7.15	NO	31967
67.28	14.40	NO	34073
59.14	9.65	NO	34377
60.31	5.35	NO	35638
59.26	10.40	NO	38914
59.41	5.26	NO	40321
59.43	10.65	NO	49668
59.20	9.60	NO	50595
62.47	6.15	NO	52626
59.28	11.10	NO	56559
59.83	10.43	NO	61906
59.13	10.21	NO	64345
69.64	18.95	NO	64448
59.21	10.92	NO	83761
58.85	5.73	NO	85386
59.95	11.04	NO	89684
58.14	7.99	NO	93205
59.74	10.20	NO	103007
58.97	5.73	NO	144877
63.43	10.39	NO	212660
60.39	5.32	NO	285911
59.91	10.74	NO	580000
27.62	85.54	NP	16263
26.90	87.92	NP	17491
29.83	80.55	NP	18317
29.29	80.58	NP	19014
26.54	88.09	NP	19523
26.85	85.55	NP	20284
28.84	81.71	NP	20908
27.98	83.75	NP	21867
26.98	87.33	NP	22084
27.37	87.20	NP	22903
28.27	83.58	NP	23296
29.26	80.94	NP	23416
26.64	85.80	NP	23573
27.86	83.54	NP	23693
26.65	86.20	NP	24657
26.76	85.27	NP	27325
27.58	85.51	NP	27602
28.59	81.61	NP	31381
28.13	82.29	NP	39058
27.67	85.27	NP	44632
28.52	81.11	NP	44758
27.58	85.52	NP	46595
26.66	87.27	NP	47984
28.20	81.34	NP	53107
27.5	83.45	NP	63367
27.63	85.52	NP	67629
26.53	86.74	NP	69803
26.60	87.14	NP	70093
26.79	86.69	NP	71405
28.96	80.17	NP	88381
27.70	83.44	NP	91733
26.72	85.92	NP	93767
26.72	86.48	NP	102955
27.68	85.38	NP	119955
28.05	81.61	NP	166258
26.81	87.27	NP	173096
27.42	85.03	NP	195951
28.26	83.96	NP	200000
28.70	80.58	NP	204788
26.45	87.27	NP	244750
27.01	84.88	NP	268273
27.67	85.31	NP	299283
27.67	84.43	NP	369377
27.70	85.32	NP	1442271
-0.55	166.92	NR	1100
-19.05	-169.91	NU	624
-40.40	175.58	NZ	0
-41.29	174.77	NZ	15020
-37.87	175.44	NZ	15192
-41.28	174.74	NZ	15380
-36.86	174.64	NZ	16400
-36.91	174.70	NZ	16810
-36.93	174.84	NZ	17710
-41.33	173.18	NZ	18000
-37.95	176.98	NZ	18602
-43.30	172.58	NZ	19250
-41.31	173.23	NZ	19610
-40.63	175.27	NZ	19789
-36.88	174.77	NZ	19820
-41.26	174.95	NZ	19840
-36.82	174.62	NZ	20120
-36.83	174.61	NZ	20120
-43.89	171.73	NZ	20600
-37.04	174.90	NZ	20640
-36.88	174.7	NZ	21400
-37.2	174.95	NZ	21438
-37.01	174.88	NZ	21590
-36.90	174.68	NZ	22340
-36.88	174.79	NZ	23570
-36.96	174.79	NZ	24060
-36.94	174.87	NZ	24300
-38.68	176.08	NZ	26500
-37.06	174.94	NZ	27680
-41.51	173.95	NZ	28800
-44.39	171.25	NZ	28900
-40.95	175.65	NZ	29100
-43.58	172.38	NZ	29600
-36.96	174.82	NZ	29740
-40.91	175.01	NZ	30800
-38.65	178.00	NZ	37300
-41.13	175.05	NZ	48300
-39.93	175.05	NZ	48900
-36.96	174.84	NZ	49130
-35.73	174.32	NZ	50900
-41.27	173.28	NZ	54700
-46.4	168.35	NZ	57000
-41.13	174.85	NZ	62400
-38.13	176.24	NZ	65901
-39.49	176.91	NZ	66700
-39.06	174.08	NZ	87300
-40.35	175.61	NZ	90500
-39.63	176.84	NZ	90600
-41.21	174.91	NZ	114000
-45.87	170.50	NZ	133300
-37.68	176.16	NZ	155200
-37.78	175.28	NZ	178500
-36.8	174.75	NZ	207865
-36.99	174.87	NZ	362000
-43.53	172.63	NZ	363926
-41.28	174.77	NZ	381900
-36.84	174.76	NZ	417910
23.58	56.53	OM	16599
22.37	57.52	OM	17283
26.17	56.24	OM	17904
22.45	58.8	OM	18479
23.40	58.12	OM	21188
23.65	57.59	OM	25000
22.69	58.53	OM	25265
24.53	56.56	OM	26372
22.93	57.76	OM	36203
23.31	58.01	OM	47718
24.74	56.46	OM	48009
23.97	57.09	OM	50223
22.97	57.30	OM	54338
22.56	59.52	OM	71152
22.93	57.53	OM	72076
24.25	55.79	OM	73670
23.67	57.88	OM	81647
23.84	57.43	OM	107143
24.34	56.70	OM	108274
23.39	57.42	OM	120000
24.17	56.88	OM	140000
17.01	54.09	OM	163140
23.22	56.51	OM	163473
23.57	58.39	OM	383257
23.67	58.18	OM	470878
23.58	58.40	OM	797000
9.34	-79.80	PA	15577
8.51	-80.35	PA	16250
8.97	-79.54	PA	16361
8.89	-79.62	PA	17144
8.37	-82.42	PA	17427
8.51	-82.62	PA	17698
9.11	-79.53	PA	17975
9.43	-82.52	PA	17997
8.94	-79.54	PA	18302
9.12	-79.55	PA	20285
8.96	-79.55	PA	20706
9.08	-79.39	PA	24056
9.02	-79.49	PA	26607
9.36	-79.83	PA	29607
9.15	-79.62	PA	33536
9.02	-79.47	PA	36997
8.1	-80.98	PA	45355
9.08	-79.38	PA	50844
9.06	-79.42	PA	51641
8.88	-79.78	PA	61232
9.09	-79.53	PA	69102
9.35	-79.90	PA	76643
8.93	-79.64	PA	76815
8.42	-82.43	PA	81957
9.04	-79.44	PA	100636
9.05	-79.47	PA	321501
8.99	-79.51	PA	408168
-9.02	-78.61	PE	15083
-7.05	-76.59	PE	15231
-6.73	-79.63	PE	15270
-11.15	-75.99	PE	15320
-15.21	-75.11	PE	15478
-11.25	-74.63	PE	15532
-6.83	-79.93	PE	15552
-17.21	-70.92	PE	15633
-13.66	-76.15	PE	15815
-16.08	-69.66	PE	16033
-6.64	-79.38	PE	16061
-16.25	-69.08	PE	16140
-10.06	-78.15	PE	16172
-7.42	-79.50	PE	16250
-16.62	-72.71	PE	16434
-3.50	-80.27	PE	16907
-12.65	-76.63	PE	17260
-13.65	-73.38	PE	17444
-4.25	-80.88	PE	17693
-8.45	-76.46	PE	17742
-10.91	-74.88	PE	18057
-12.93	-74.25	PE	18627
-14.88	-70.58	PE	19310
-16.36	-72.19	PE	20063
-5.75	-78.44	PE	20382
-11.07	-77.59	PE	20723
-8.41	-78.75	PE	20774
-11.77	-75.49	PE	21057
-7.73	-79.30	PE	21128
-7.8	-78.06	PE	21768
-7.95	-79.23	PE	21982
-8.17	-79.00	PE	22581
-5.55	-80.82	PE	23020
-10.24	-76.64	PE	23175
-14.83	-74.93	PE	23556
-14.79	-71.40	PE	23867
-10.66	-76.25	PE	24105
-8.08	-78.96	PE	24691
-6.49	-76.34	PE	24932
-6.05	-77.16	PE	25057
-12.86	-72.71	PE	25145
-7.25	-79.48	PE	25376
-4.83	-80.64	PE	25396
-13.07	-76.38	PE	25517
-4.87	-80.70	PE	25645
-6.87	-79.86	PE	25707
-11.09	-77.61	PE	26658
-11.57	-77.26	PE	26958
-5.61	-78.43	PE	27045
-10.66	-77.83	PE	27631
-10.40	-76.46	PE	28666
-17.02	-72.01	PE	28953
-8.18	-76.52	PE	29029
-7.40	-79.57	PE	29165
-14.63	-69.44	PE	29678
-4.92	-80.34	PE	30033
-6.23	-77.86	PE	32026
-13.05	-76.35	PE	32344
-13.07	-76.31	PE	32344
-7.79	-79.22	PE	32370
-11.51	-75.89	PE	33345
-14.26	-71.22	PE	33575
-6.63	-79.78	PE	34357
-5.40	-80.74	PE	34834
-7.17	-76.72	PE	37715
-12.67	-69.35	PE	38966
-6.91	-79.58	PE	39200
-5.90	-76.12	PE	41827
-12.05	-77.09	PE	41863
-7.22	-79.42	PE	41992
-6.71	-79.76	PE	43610
-6.70	-79.90	PE	43710
-16.44	-71.55	PE	46092
-10.75	-77.76	PE	46290
-16.32	-71.58	PE	47347
-9.51	-77.53	PE	47581
-12.78	-74.97	PE	49570
-6.03	-76.97	PE	50073
-11.41	-75.68	PE	51350
-5.70	-78.80	PE	52493
-9.29	-75.99	PE	53177
-17.63	-71.34	PE	53476
-11.10	-77.60	PE	54545
-5.08	-81.11	PE	56151
-5.26	-80.68	PE	57304
-17.63	-149.6	PF	25750
-17.53	-149.56	PF	26357
-17.55	-149.60	PF	29851
-9.07	143.20	PG	15214
-7.20	146.64	PG	16042
-3.54	143.63	PG	18230
-6.08	145.38	PG	18503
-5.55	150.13	PG	18847
-6.14	143.65	PG	26252
-4.34	152.26	PG	26273
-5.22	145.78	PG	27419
-8.76	148.23	PG	28198
-5.85	144.23	PG	33623
-6.22	155.56	PG	40266
-6.72	146.99	PG	76255
-9.47	147.15	PG	283733
15.66	120.64	PH	15066
15.08	120.51	PH	15066
13.58	124.23	PH	15079
16.00	120.21	PH	15108
7.84	125.04	PH	15128
13.66	123.18	PH	15205
10.32	119.34	PH	15242
14.13	121.43	PH	15246
13.16	123.71	PH	15292
12.57	122.27	PH	15316
14.91	120.56	PH	15408
16.00	120.40	PH	15445
8.16	125.99	PH	15471
8.18	124.17	PH	15490
16.72	121.35	PH	15567
8.45	125.78	PH	15581
14.62	121.08	PH	15602
10.74	125.01	PH	15632
15.01	120.08	PH	15636
15.81	120.45	PH	15859
16.86	120.78	PH	15886
10.20	122.98	PH	15897
8.04	126.06	PH	15916
13.83	120.63	PH	16110
15.29	120.65	PH	16116
14.67	120.26	PH	16117
13.34	122.51	PH	16178
16.88	121.58	PH	16233
9.63	124.03	PH	16312
14.35	121.32	PH	16400
8.65	124.75	PH	16435
11.60	125.43	PH	16484
6.33	124.95	PH	16518
7.40	125.73	PH	16539
11.10	125.01	PH	16567
6.76	125.18	PH	16592
14.17	120.92	PH	16618
17.11	121.62	PH	16618
7.60	125.96	PH	16671
12.56	125.01	PH	16725
6.55	125.47	PH	16758
13.45	123.68	PH	16826
13.35	123.36	PH	16939
14.10	123.01	PH	16991
16.53	120.33	PH	17109
8.11	123.44	PH	17144
4.66	119.39	PH	17200
6.86	124.44	PH	17394
10.60	123.04	PH	17448
11.29	124.67	PH	17495
11.15	124.99	PH	17534
10.67	124.80	PH	17668
6.67	124.52	PH	17764
14.66	120.56	PH	17831
7.68	124.66	PH	17845
14.15	122.83	PH	18105
8.07	125.95	PH	18114
10.13	124.84	PH	18313
15.60	121.05	PH	18393
15.55	120.81	PH	18451
8.53	125.95	PH	18542
15.44	120.59	PH	18582
7.5	126	PH	18668
14.97	120.15	PH	18721
10.45	124.01	PH	18727
10.60	122.91	PH	18752
11.16	123.72	PH	18984
10.87	122.96	PH	19060
14.71	120.95	PH	19060
7.78	122.58	PH	19195
15.58	121.18	PH	19206
5.96	125.28	PH	19439
13.94	121.43	PH	19471
15.35	120.84	PH	19570
13.45	123.36	PH	19612
10.05	122.84	PH	19672
14.40	121.46	PH	19726
10.45	122.81	PH	19839
14.28	120.71	PH	20049
14.54	121.36	PH	20157
9.55	123.75	PH	20245
14.51	121.26	PH	20250
7.21	126.53	PH	20336
10.57	122.89	PH	20409
7.68	125.00	PH	20468
31.78	71.10	PK	15048
29.47	67.65	PK	15090
32.71	72.98	PK	15344
30.59	71.96	PK	15632
32.27	71.55	PK	15669
24.39	67.99	PK	15781
32.77	72.69	PK	15800
32.84	71.36	PK	15867
26.03	68.80	PK	15970
32.96	71.54	PK	15976
32.46	74.18	PK	15977
25.95	68.88	PK	16067
29.57	71.02	PK	16166
31.56	72.64	PK	16218
31.89	72.38	PK	16264
25.51	69.78	PK	16301
26.69	67.61	PK	16311
25.04	61.74	PK	16322
31.97	73.59	PK	16361
25.80	66.62	PK	16483
27.19	67.95	PK	16786
29.86	67.33	PK	16930
26.55	67.72	PK	16961
32.10	70.97	PK	17294
32.42	74.36	PK	17341
26.45	68.31	PK	17577
29.55	70.37	PK	17630
26.84	68.12	PK	17631
26.94	68.11	PK	17698
29.03	69.15	PK	18120
31.17	71.20	PK	18126
33.43	72.01	PK	18170
31.99	74.66	PK	18435
33.38	71.33	PK	18537
27.44	67.79	PK	18724
29.57	71.75	PK	18729
25.59	68.44	PK	18929
25.80	68.49	PK	19325
24.74	67.58	PK	19524
32.82	70.78	PK	19694
29.91	71.16	PK	19698
25.50	69.57	PK	19907
32.59	74.14	PK	20000
32.71	74.44	PK	20000
26.22	66.31	PK	20119
30.29	71.67	PK	20407
32.33	74.54	PK	20897
26.77	68.30	PK	20919
24.88	68.81	PK	21154
26.15	68.65	PK	21446
32.58	74.49	PK	21463
31.88	72.41	PK	21747
30.76	74.12	PK	21788
32.58	73.04	PK	22001
24.85	69.40	PK	22081
27.21	68.41	PK	22263
27.84	69.41	PK	22273
31.93	70.45	PK	22376
27.28	68.50	PK	22495
33.59	73.38	PK	22551
32.04	74.25	PK	22679
28.55	70.46	PK	22953
32.34	74.89	PK	23078
34.00	72.12	PK	23288
24.73	69.79	PK	23431
28.16	69.73	PK	23462
32.34	74.70	PK	23599
30.42	73.04	PK	24053
30.58	66.99	PK	24239
31.54	73.82	PK	24295
31.22	74.25	PK	24407
29.12	71.74	PK	24580
32.43	73.57	PK	24789
30.67	71.74	PK	24889
28.15	68.64	PK	25000
29.46	73.03	PK	25186
33.90	73.39	PK	25247
32.15	71.26	PK	25574
27.34	68.70	PK	25616
31.22	70.95	PK	25634
34.00	71.92	PK	25723
29.74	73.24	PK	25893
33.90	72.49	PK	26309
32.24	72.10	PK	26390
32.87	71.57	PK	26395
54.33	18.19	PL	15002
51.96	19.71	PL	15103
50.31	17.38	PL	15120
53.08	18.22	PL	15125
52.31	16.12	PL	15179
50.05	21.60	PL	15279
51.02	17.32	PL	15308
52.33	20.88	PL	15315
51.02	17.31	PL	15340
53.18	18.60	PL	15403
52.42	22.86	PL	15421
52.05	19.19	PL	15528
51.12	15.91	PL	15564
50.51	22.13	PL	15573
49.72	18.80	PL	15637
53.77	15.77	PL	15725
53.16	15.42	PL	15733
51.14	17.01	PL	15746
52.11	20.67	PL	15784
50.05	22.49	PL	15805
51.14	16.96	PL	15901
51.89	21.61	PL	15912
54.03	22.50	PL	15923
51.78	22.61	PL	16071
50.96	16.35	PL	16106
50.56	21.16	PL	16137
54.58	16.86	PL	16250
50.14	19.13	PL	16305
50.58	16.81	PL	16321
51.07	17.72	PL	16376
52.99	22.88	PL	16434
54.12	20.57	PL	16540
52.09	21.11	PL	16548
53.06	19.40	PL	16589
51.94	14.72	PL	16629
53.67	15.11	PL	16703
53.01	20.88	PL	16718
53.91	15.20	PL	16720
54.17	17.49	PL	16724
50.75	16.20	PL	16726
50.63	20.30	PL	16792
49.96	20.60	PL	16866
53.04	16.45	PL	16914
50.47	20.71	PL	17095
51.98	22.78	PL	17158
50.40	18.90	PL	17167
51.74	19.32	PL	17415
50.90	14.95	PL	17436
50.05	18.47	PL	17479
52.30	21.16	PL	17518
52.35	14.56	PL	17567
51.89	17.78	PL	17640
52.33	21.19	PL	17659
49.83	19.93	PL	17686
51.76	20.25	PL	17770
51.55	21.84	PL	17775
50.10	19.31	PL	17834
52.13	21.23	PL	17910
52.64	16.81	PL	17915
52.08	15.62	PL	18055
52.58	14.64	PL	18099
54.60	18.34	PL	18116
52.40	22.25	PL	18241
50.06	22.22	PL	18266
50.47	17.96	PL	18275
54.37	19.81	PL	18356
53.36	17.04	PL	18395
52.25	21.26	PL	18414
50.15	18.77	PL	18438
51.59	19.13	PL	18577
52.61	16.57	PL	18588
50.80	23.89	PL	18605
52.44	15.57	PL	18669
51.58	21.54	PL	18677
49.98	20.06	PL	18677
50.15	19.46	PL	18828
52.85	19.66	PL	18866
52.42	19.46	PL	18976
50.4	18.63	PL	19018
52.70	21.08	PL	19039
51.12	16.96	PL	19048
53.40	23.50	PL	19079
53.62	21.81	PL	19232
49.88	19.49	PL	19238
49.88	19.22	PL	19249
46.77	-56.17	PM	6200
-25.06	-130.10	PN	46
18.42	-67.15	PR	16073
18.42	-66.49	PR	16092
18.40	-66.20	PR	17631
18.11	-66.16	PR	18494
18.03	-66.84	PR	20295
18.14	-65.82	PR	20387
17.98	-66.11	PR	21575
18.45	-66.53	PR	22322
18.44	-66.11	PR	28093
18.44	-66.38	PR	29325
18.44	-66.18	PR	29785
18.32	-65.65	PR	32124
18.20	-67.13	PR	73077
18.35	-66.00	PR	75243
18.35	-66.11	PR	81360
18.23	-66.04	PR	86804
18.47	-66.71	PR	87754
18.01	-66.62	PR	137491
18.38	-65.95	PR	170404
18.39	-66.15	PR	203499
18.46	-66.10	PR	418140
32.32	35.36	PS	15591
32.48	35.23	PS	16164
31.71	35.18	PS	16183
31.43	34.38	PS	16688
32.21	35.28	PS	17146
31.77	35.26	PS	17455
31.57	35.14	PS	17775
31.31	34.34	PS	18163
31.55	34.97	PS	18727
32.41	35.28	PS	19127
31.39	35.06	PS	19355
31.37	34.34	PS	19500
31.51	35.16	PS	19783
31.86	35.45	PS	19783
31.50	35.02	PS	20835
31.58	35.10	PS	21076
31.89	35.20	PS	24599
31.84	35.23	PS	24838
31.65	35.06	PS	25242
31.86	35.21	PS	25595
31.40	34.97	PS	27616
31.70	35.20	PS	29019
31.34	34.32	PS	31272
32.45	35.30	PS	34730
31.43	34.40	PS	34951
31.77	35.23	PS	36000
31.44	34.39	PS	36123
31.53	34.53	PS	37392
31.91	35.21	PS	38192
31.77	35.29	PS	38193
31.44	35.09	PS	41425
32.18	34.97	PS	43212
32.31	35.02	PS	44169
31.7	35.11	PS	56746
31.54	34.49	PS	56919
31.41	34.34	PS	59504
31.29	34.24	PS	126305
32.22	35.25	PS	130326
31.52	35.09	PS	160470
31.52	34.48	PS	168568
31.34	34.30	PS	173183
31.50	34.46	PS	410000
31.78	35.23	PS	428304
39.47	-8.54	PT	15002
37.12	-7.64	PT	15133
41.23	-8.52	PT	15211
39.29	-7.43	PT	15581
39.35	-9.38	PT	15662
39.55	-8.97	PT	15800
41.19	-8.54	PT	15850
37.08	-8.25	PT	15851
38.87	-9.07	PT	16088
41.21	-8.63	PT	16103
40.92	-8.54	PT	16376
41.51	-7.98	PT	16710
41.45	-8.17	PT	16868
38.56	-8.90	PT	16934
41.30	-7.74	PT	17001
41.14	-8.50	PT	17011
38.73	-9.21	PT	17044
40.11	-8.49	PT	17078
38.69	-9.35	PT	17212
40.60	-8.67	PT	17236
39.91	-8.62	PT	17355
38.80	-9.18	PT	17535
41.74	-7.46	PT	17535
40.28	-7.50	PT	17610
38.79	-9.10	PT	17718
38.65	-8.99	PT	17795
41.19	-8.70	PT	17996
38.95	-8.98	PT	18355
40.85	-8.62	PT	18452
38.84	-9.09	PT	18573
37.06	-8.10	PT	18783
37.10	-8.67	PT	18831
38.51	-9.01	PT	18877
38.82	-9.09	PT	18925
41.10	-8.58	PT	18944
41.41	-8.74	PT	18963
41.53	-8.61	PT	19085
39.60	-8.40	PT	19168
38.70	-9.22	PT	19327
41.10	-7.32	PT	19406
38.67	-9.15	PT	19472
42.07	-8.48	PT	19738
41.20	-8.33	PT	19834
39.46	-8.46	PT	19887
37.73	-25.66	PT	20056
38.80	-9.12	PT	20177
38.69	-9.32	PT	20366
37.06	-7.80	PT	20473
41.16	-8.03	PT	20522
41.33	-8.55	PT	20692
38.71	-9.24	PT	20895
38.65	-9.15	PT	20988
38.77	-9.26	PT	21019
38.66	-9.20	PT	21167
41.18	-8.49	PT	21328
41.33	-8.55	PT	21680
38.66	-9.05	PT	21877
40.90	-8.49	PT	22079
38.77	-9.10	PT	22488
41.84	-8.41	PT	22847
37.13	-8.01	PT	23109
38.76	-9.19	PT	23249
32.65	-16.83	PT	23368
38.70	-9.40	PT	23375
38.63	-8.91	PT	23510
38.72	-9.24	PT	23698
38.70	-9.39	PT	23700
41.16	-8.52	PT	23916
41.12	-8.58	PT	24407
39.09	-9.25	PT	24443
38.56	-9.04	PT	25606
41.19	-8.61	PT	25940
38.69	-9.29	PT	25974
38.80	-9.37	PT	26193
40.66	-7.90	PT	26364
41.12	-8.64	PT	26431
32.64	-16.93	PT	26482
39.40	-9.13	PT	27378
41.35	-8.74	PT	27642
41.21	-8.57	PT	27686
41.14	-8.53	PT	27691
41.18	-8.68	PT	28070
38.75	-9.28	PT	28112
40.55	-7.22	PT	28502
38.86	-9.06	PT	28901
7.50	134.62	PW	0
-26.66	-57.14	PY	16593
-25.50	-57.36	PY	18459
-22.33	-60.03	PY	19927
-26.19	-56.36	PY	23996
-26.85	-58.30	PY	32810
-25.74	-56.43	PY	41157
-23.39	-57.43	PY	48123
-25.44	-56.44	PY	51286
-25.56	-54.61	PY	54292
-25.47	-56.01	PY	54808
-25.42	-57.54	PY	55754
-25.38	-57.14	PY	56864
-25.09	-57.52	PY	57217
-25.36	-57.59	PY	64099
-25.39	-57.35	PY	64997
-25.20	-57.53	PY	72008
-27.33	-55.86	PY	74983
-22.54	-55.73	PY	75109
-25.39	-57.53	PY	94641
-25.16	-57.48	PY	96143
-25.33	-57.52	PY	120167
-25.34	-57.60	PY	126377
-25.35	-57.44	PY	198553
-25.33	-57.50	PY	227876
-25.50	-54.61	PY	301815
-25.28	-57.64	PY	1482200
25.68	51.50	QA	18923
25.17	51.60	QA	26436
25.41	51.40	QA	29391
25.29	51.42	QA	272465
25.28	51.53	QA	344939
-20.90	55.60	RE	24293
-21.21	55.31	RE	29278
-20.93	55.29	RE	33336
-20.89	55.55	RE	34344
-21.17	55.28	RE	34893
-20.92	55.33	RE	35245
-21.03	55.71	RE	37023
-21.37	55.61	RE	38807
-21.28	55.41	RE	53935
-20.96	55.65	RE	57150
-21.27	55.51	RE	81943
-21.33	55.47	RE	84077
-21.00	55.27	RE	105240
-20.88	55.45	RE	154765
44.71	25.31	RO	15037
45.71	24.15	RO	15042
46.1	27.16	RO	15178
43.65	25.36	RO	15228
45.58	25.45	RO	15253
44.38	26.16	RO	15279
46.38	23.85	RO	15316
47.71	24.43	RO	15349
45.01	26.45	RO	15532
47.23	22.8	RO	15721
47.55	25.9	RO	15728
46.13	22.78	RO	15988
47.35	25.36	RO	16054
44.45	26.2	RO	16206
45.37	21.70	RO	16349
47.66	23.69	RO	16746
44.71	26.63	RO	16770
46.48	24.1	RO	17165
46.8	21.65	RO	17561
45.18	25.66	RO	17949
46.71	26.7	RO	18395
44.33	28.03	RO	18502
43.99	22.93	RO	18643
44.55	23.51	RO	18995
44.01	23.35	RO	19599
47.53	25.56	RO	19765
45.38	23.26	RO	19772
46.72	25.60	RO	19777
45.03	25.85	RO	19869
43.77	24.50	RO	20047
46	26.13	RO	20067
46.17	23.91	RO	20371
47.2	26.36	RO	20473
45.7	25.45	RO	20534
44.98	25.64	RO	20596
44.35	24.1	RO	20626
44.65	24.26	RO	20630
44.56	25.94	RO	20691
45.83	23.2	RO	20763
47.68	22.46	RO	20775
44.80	22.97	RO	22319
44.08	26.63	RO	22624
46.42	26.43	RO	23729
47.03	23.91	RO	23741
44.41	27.82	RO	23789
47.85	25.91	RO	23822
46.47	26.48	RO	23981
45.83	23.36	RO	24734
45.56	25.31	RO	24926
45.45	23.41	RO	25234
46.55	23.88	RO	26457
47.65	24.66	RO	26966
45.95	23.57	RO	27246
44.11	24.98	RO	27416
45.41	22.21	RO	27521
46.31	23.72	RO	28341
46.33	24.29	RO	28634
43.74	24.86	RO	28783
44.95	24.94	RO	29062
46.67	28.05	RO	29129
47.45	26.3	RO	29576
45.61	25.71	RO	29918
44.49	26.17	RO	30323
45.36	23.23	RO	30488
45.85	24.96	RO	30714
47.95	26.4	RO	30776
45.13	24.67	RO	32178
44.38	27.83	RO	32866
44.31	28.6	RO	33106
44.11	24.35	RO	33761
46.22	24.79	RO	34537
46.78	24.71	RO	35490
46.3	25.3	RO	36532
47.15	23.86	RO	38033
45.38	27.05	RO	38526
43.81	28.57	RO	39619
47.93	23.88	RO	40653
45.84	27.43	RO	41154
46.35	25.8	RO	41282
45.12	25.73	RO	41554
45.68	21.90	RO	43243
44.25	28.28	RO	43315
46.56	23.78	RO	43319
45.41	23.36	RO	44187
47.24	26.72	RO	45000
44.94	20.21	RS	15488
45.81	19.63	RS	16154
44.98	20.16	RS	16217
44.65	20.20	RS	16821
44.22	22.53	RS	17612
45.23	19.71	RS	18018
45.67	18.97	RS	18320
44.53	19.24	RS	19515
45.92	20.07	RS	20302
43.92	21.37	RS	20585
44.67	20.39	RS	23000
44.38	20.25	RS	23551
44.02	20.46	RS	23982
44.30	20.56	RS	24309
43.56	22.25	RS	25000
45.61	20.03	RS	25774
45.57	19.64	RS	25907
45.04	20.08	RS	26247
44.36	20.95	RS	27000
43.23	21.58	RS	27673
45.24	19.39	RS	29449
45.00	19.82	RS	32229
43.97	21.26	RS	35589
45.11	21.30	RS	36300
44.97	19.61	RS	39084
44.07	22.09	RS	39387
43.15	22.58	RS	40678
44.62	21.18	RS	41736
45.82	20.46	RS	41935
45.77	19.11	RS	48454
43.61	21.00	RS	49043
43.90	22.26	RS	49800
44.74	19.69	RS	55114
42.55	21.90	RS	56199
44.27	19.89	RS	61035
44.66	20.92	RS	62000
43.85	19.84	RS	63577
43.58	21.33	RS	75256
44.87	20.64	RS	76654
45.38	20.38	RS	79773
43.72	20.68	RS	82846
43.13	20.51	RS	85996
42.99	21.94	RS	94758
46.1	19.66	RS	100000
43.89	20.34	RS	117072
44.01	20.91	RS	147473
44.84	20.40	RS	155591
45.25	19.83	RS	215400
43.32	21.90	RS	250000
44.80	20.46	RS	1273651
49.93	40.54	RU	15048
67.36	32.49	RU	15092
52.93	33.44	RU	15100
43.94	42.51	RU	15118
48.70	45.19	RU	15167
44.86	40.07	RU	15169
50.94	43.73	RU	15181
55.87	85.42	RU	15197
62.43	71.76	RU	15204
49.05	44.82	RU	15217
56.69	60.83	RU	15237
53.30	83.62	RU	15241
47.53	134.75	RU	15247
50.93	37.81	RU	15261
56.15	37.93	RU	15265
66.42	112.40	RU	15266
65.93	111.48	RU	15267
56.70	60.08	RU	15294
47.32	40.38	RU	15300
53.81	36.13	RU	15300
47.64	42.10	RU	15341
52.56	78.93	RU	15345
51.98	116.58	RU	15360
53.78	82.31	RU	15365
57.89	54.72	RU	15395
57.04	65.72	RU	15406
52.01	85.90	RU	15428
55.59	37.35	RU	15435
45.45	41.97	RU	15469
56.37	38.58	RU	15483
59.15	57.56	RU	15486
59.80	30.38	RU	15503
50.53	36.68	RU	15529
69.41	30.22	RU	15596
51.51	104.14	RU	15600
64.73	177.51	RU	15604
56.31	38.7	RU	15615
56.28	62.58	RU	15619
55.48	60.21	RU	15630
54.99	57.69	RU	15632
55.31	89.83	RU	15637
54.95	20.47	RU	15644
50.99	81.46	RU	15668
58.60	99.17	RU	15670
45.90	43.34	RU	15700
54.35	38.26	RU	15700
47.52	39.41	RU	15730
61.11	28.86	RU	15733
45.37	44.21	RU	15838
54.04	57.81	RU	15861
55.92	39.46	RU	15866
55.91	39.17	RU	15867
55.33	41.62	RU	15902
58.59	35.80	RU	15910
57.85	114.19	RU	15933
43.24	46.00	RU	15970
51.84	41.46	RU	16019
50.02	45.45	RU	16044
55.60	36.98	RU	16056
41.89	48.41	RU	16078
59.68	30.43	RU	16087
52.58	33.76	RU	16100
54.09	35.34	RU	16100
58.88	40.25	RU	16133
54.32	40.87	RU	16159
45.84	41.51	RU	16169
46.10	48.07	RU	16191
56.08	99.63	RU	16199
43.18	44.90	RU	16215
54.36	77.29	RU	16333
55.73	36.85	RU	16395
62.58	50.85	RU	16404
56.63	47.80	RU	16407
55.02	82.20	RU	16446
55.39	37.80	RU	16509
62.91	34.45	RU	16551
54.03	38.40	RU	16569
57.35	37.60	RU	16598
57.97	53.01	RU	16618
56.23	96.06	RU	16668
49.22	143.09	RU	16677
56.01	39.94	RU	16706
53.70	37.29	RU	16763
43.19	45.28	RU	16779
56.18	50.89	RU	16795
-1.61	29.44	RW	15134
-1.53	29.55	RW	15695
-1.29	30.40	RW	15732
-1.96	29.98	RW	16369
-1.29	30.32	RW	18038
-2.10	29.94	RW	18586
-1.61	29.49	RW	19021
-2.46	29.57	RW	21029
-2.22	29.79	RW	21478
-2.20	30.14	RW	21509
-1.95	30.52	RW	27059
-2.69	29.00	RW	31086
-2.35	29.75	RW	32016
-2.47	29.55	RW	33832
-2.15	30.54	RW	46240
-1.94	30.43	RW	47203
-2.06	29.34	RW	48024
-2.48	28.90	RW	63883
-1.57	30.06	RW	70593
-1.49	29.63	RW	86685
-2.07	29.75	RW	87613
-2.59	29.73	RW	89600
-1.70	29.25	RW	172357
-1.94	30.05	RW	1132686
25.38	49.66	SA	16296
25.43	49.63	SA	16606
28.31	46.12	SA	20685
25.36	49.72	SA	21386
27.35	35.69	SA	22000
21.61	39.69	SA	22207
21.21	41.63	SA	23235
20.46	45.57	SA	24097
19.14	42.12	SA	24153
26.13	43.65	SA	25153
26.23	36.46	SA	26636
16.59	42.94	SA	26945
23.78	38.79	SA	27257
25.93	49.66	SA	29474
17.28	43.13	SA	29793
26.60	37.92	SA	32413
25.02	37.26	SA	33874
23.99	47.16	SA	35371
30.49	38.21	SA	40019
31.67	38.66	SA	40819
26.70	50.06	SA	41188
22.79	39.03	SA	41759
23.90	42.91	SA	45525
26.64	49.95	SA	45876
16.96	42.83	SA	49171
17.14	42.62	SA	54108
24.50	44.39	SA	54474
28.43	48.49	SA	54857
25.86	44.22	SA	60870
26.48	50.04	SA	66702
20.14	40.27	SA	72000
21.07	40.31	SA	72190
18.92	41.92	SA	75351
25.86	43.49	SA	81728
20.00	42.60	SA	81828
26.57	50.04	SA	85371
20.01	41.46	SA	88419
26.56	50.00	SA	98259
26.28	50.11	SA	99540
19.57	41.96	SA	100000
31.33	37.34	SA	102903
16.88	42.55	SA	105198
26.29	44.81	SA	125000
29.96	40.20	SA	128332
30.97	41.03	SA	148540
26.27	50.20	SA	165799
24.08	38.06	SA	200161
18.21	42.50	SA	210886
27.01	49.62	SA	237274
28.43	45.97	SA	271642
25.40	49.59	SA	290802
25.36	49.58	SA	293179
18.3	42.73	SA	387553
24.15	47.33	SA	425300
17.49	44.12	SA	505652
27.52	41.69	SA	605930
28.39	36.57	SA	667000
21.27	40.41	SA	688693
26.32	43.97	SA	745353
24.49	39.58	SA	946697
26.43	50.10	SA	1252523
24.46	39.61	SA	1300000
21.42	39.82	SA	1578722
24.68	46.72	SA	4205961
21.49	39.18	SA	4697000
-9.43	159.95	SB	56298
-4.62	55.45	SC	22881
13.2	34.16	SD	15144
12.35	29.25	SD	15304
13.7	30.36	SD	16969
14.93	33.23	SD	17345
14.86	32.36	SD	18321
18.26	33.90	SD	19141
18.55	31.85	SD	19593
13.51	35.76	SD	19821
11.03	27.73	SD	19997
11.45	31.22	SD	21790
18.42	37.72	SD	22250
18.02	33.98	SD	22395
13.41	34.63	SD	24513
14.03	33.17	SD	26233
12.71	30.65	SD	26273
13.01	31.86	SD	27275
19.10	37.33	SD	28570
12.90	23.47	SD	28687
13.41	33.66	SD	28727
14.75	33.29	SD	28735
11.86	34.38	SD	28862
13.31	33.88	SD	33524
12.05	29.65	SD	37113
16.69	33.43	SD	53568
12.90	31.21	SD	55742
14.00	32.31	SD	87068
11.01	29.71	SD	87666
17.59	33.97	SD	103941
17.70	33.98	SD	107930
12.7	28.43	SD	108008
11.27	25.14	SD	120000
14.24	32.98	SD	128297
13.56	33.56	SD	130122
13.18	32.73	SD	135281
13.45	22.44	SD	162981
11.78	34.35	SD	186051
13.14	33.93	SD	250000
13.62	25.34	SD	252609
11.46	26.12	SD	264734
14.40	33.51	SD	332714
13.16	32.66	SD	345068
14.03	35.38	SD	363945
13.18	30.21	SD	393311
15.45	36.39	SD	401477
19.61	37.21	SD	489725
12.04	24.88	SD	565734
15.64	32.47	SD	1200000
15.55	32.53	SD	1974647
57.50	12.69	SE	15019
60.14	15.18	SE	15245
55.64	13.20	SE	15373
56.83	13.94	SE	15785
57.64	11.92	SE	15924
59.2	17.9	SE	16000
61.72	17.10	SE	16081
58.70	13.82	SE	16122
59.89	17.63	SE	16231
59.12	15.14	SE	16663
59.29	18.05	SE	16807
65.82	21.68	SE	16830
59.36	17.99	SE	16877
67.85	20.22	SE	17037
59.39	17.90	SE	17083
58.17	13.55	SE	17170
57.65	12.11	SE	17579
57.65	14.69	SE	17719
57.26	16.44	SE	18287
59.51	15.99	SE	18355
59.30	14.10	SE	18557
55.83	13.30	SE	18592
57.48	12.07	SE	18698
55.42	13.82	SE	18806
57.18	14.04	SE	19061
56.15	13.76	SE	19309
59.75	18.70	SE	19365
56.17	14.86	SE	20112
59.32	18.38	SE	20774
57.75	16.63	SE	21178
57.78	14.30	SE	21500
59.63	17.07	SE	22553
58.50	13.15	SE	22988
65.31	21.47	SE	23067
57.76	11.83	SE	23088
58.38	12.32	SE	23119
56.24	12.86	SE	23240
58.99	16.20	SE	23283
57.64	18.29	SE	23402
59.42	17.83	SE	24046
59.33	18.28	SE	24052
56.90	12.49	SE	24099
57.87	11.98	SE	24101
60.61	16.76	SE	24724
62.63	17.93	SE	25012
59.31	18.16	SE	25170
57.93	12.53	SE	26329
57.77	12.26	SE	26913
59.62	17.85	SE	27034
59.32	14.52	SE	27490
57.73	12.10	SE	28648
57.69	11.91	SE	29254
55.37	13.15	SE	29316
58.53	15.03	SE	30944
59.53	18.07	SE	31937
55.87	12.83	SE	32229
63.29	18.71	SE	32493
59.47	18.29	SE	32659
57.10	12.25	SE	34248
59.36	17.97	SE	34529
58.34	11.94	SE	34781
64.75	20.95	SE	35516
59.33	18.08	SE	36418
59.51	17.91	SE	36534
58.39	13.84	SE	36842
60.60	15.62	SE	37000
56.66	16.36	SE	38408
58.75	17.00	SE	38780
56.03	14.15	SE	39762
59.19	17.83	SE	40832
60.48	15.43	SE	41955
59.36	18.13	SE	42466
65.58	22.15	SE	43574
58.28	12.28	SE	48573
63.17	14.63	SE	49806
62.39	17.30	SE	57606
59.44	18.06	SE	58123
59.34	18.04	SE	58458
57.65	12.01	SE	59430
59.34	17.94	SE	61000
59.37	13.50	SE	61492
56.87	14.80	SE	65383
56.16	15.58	SE	66675
59.36	18.00	SE	66909
59.36	16.50	SE	67359
1.30	103.90	SG	46390
1.29	103.80	SG	95930
1.31	103.88	SG	110200
1.37	103.93	SG	147110
1.41	103.90	SG	174450
1.43	103.78	SG	254730
1.33	103.72	SG	262730
1.28	103.85	SG	5638700
-15.93	-5.71	SH	637
46.15	15.05	SI	15163
46.42	15.87	SI	18164
45.80	15.16	SI	24183
46.35	15.11	SI	24327
45.54	13.72	SI	25753
46.23	15.26	SI	37872
46.23	14.35	SI	37941
46.55	15.64	SI	97019
46.05	14.50	SI	272220
78.22	15.64	SJ	2368
48.84	17.22	SK	15013
48.19	17.72	SK	15013
48.27	17.03	SK	15095
48.38	18.40	SK	15618
49.29	20.68	SK	16000
49.13	20.43	SK	16381
49.3	18.78	SK	16558
48.43	17.02	SK	17773
48.72	18.76	SK	18018
49.12	18.32	SK	18833
48.72	18.25	SK	18933
49.20	19.30	SK	18995
48.66	20.53	SK	19261
48.59	18.84	SK	19392
48.80	19.63	SK	21331
48.28	17.26	SK	21343
48.75	17.83	SK	21527
48.67	17.36	SK	21741
48.98	22.15	SK	22221
47.99	17.61	SK	22730
48.62	21.71	SK	22947
48.88	21.68	SK	23246
48.95	18.16	SK	23762
48.43	17.80	SK	23930
48.62	18.38	SK	24370
48.15	17.88	SK	24513
49.43	18.78	SK	24670
48.38	20.02	SK	25235
48.33	19.66	SK	28159
48.59	17.82	SK	30000
49.07	19.30	SK	30806
49.08	19.62	SK	31194
47.76	18.12	SK	32643
49.29	21.27	SK	33060
48.93	21.91	SK	35367
48.21	18.60	SK	37574
47.98	18.16	SK	37899
48.94	20.56	SK	39195
48.75	21.91	SK	40360
49.12	18.42	SK	43936
48.57	19.15	SK	44502
48.15	17.09	SK	46080
48.77	18.62	SK	52987
49.06	18.92	SK	54618
49.06	20.29	SK	57431
48.89	18.04	SK	58278
48.37	17.58	SK	63194
48.73	19.15	SK	75317
49.22	18.73	SK	81940
48.99	21.23	SK	83897
48.30	18.08	SK	86329
48.71	21.25	SK	228249
48.14	17.10	SK	423737
8.46	-12.21	SL	15491
7.89	-11.90	SL	16123
7.99	-10.95	SL	16532
9.58	-11.55	SL	17948
8.42	-13.28	SL	19209
8.76	-12.78	SL	21308
8.68	-12.53	SL	22461
8.33	-13.07	SL	55000
8.88	-12.04	SL	87679
8.64	-10.97	SL	124662
7.87	-11.19	SL	143137
7.96	-11.73	SL	174354
8.48	-13.23	SL	802639
43.93	12.44	SM	4500
15.39	-15.11	SN	15482
14.76	-16.7	SN	15587
14.76	-16.7	SN	15587
15.60	-13.32	SN	15654
14.26	-15.95	SN	16386
15.65	-13.25	SN	17218
15.36	-16.43	SN	19902
13.75	-15.8	SN	20784
13.98	-14.8	SN	20942
13.96	-14.81	SN	20942
16.47	-15.6	SN	21750
15.10	-16.62	SN	22943
14.72	-17.18	SN	23547
14.91	-17.11	SN	23585
14.77	-17.06	SN	23728
14.35	-16.41	SN	24146
12.70	-15.55	SN	24213
12.91	-14.16	SN	26165
14.44	-17.01	SN	26945
14.51	-17.00	SN	27033
14.74	-17.13	SN	27402
15.14	-16.88	SN	27693
12.81	-16.22	SN	27826
14.33	-16.40	SN	28276
14.70	-16.45	SN	28908
12.55	-12.18	SN	30051
13.15	-14.11	SN	32161
15.33	-15.47	SN	32941
15.34	-15.47	SN	32941
14.78	-17.38	SN	35171
14.10	-15.55	SN	39537
14.78	-17.27	SN	41570
14.16	-16.83	SN	45903
14.69	-17.23	SN	51188
14.68	-17.22	SN	51188
14.69	-17.23	SN	51188
16.46	-15.70	SN	57878
14.95	-16.86	SN	69556
14.79	-15.90	SN	77255
14.75	-15.91	SN	77255
12.89	-14.94	SN	81098
14.63	-16.23	SN	100289
15.61	-16.22	SN	104349
13.77	-13.66	SN	107293
14.64	-16.24	SN	133705
12.56	-16.27	SN	205294
16.01	-16.48	SN	209752
14.71	-17.27	SN	221066
14.71	-17.27	SN	221066
14.42	-16.96	SN	232777
14.15	-16.07	SN	233708
14.78	-16.96	SN	252320
14.78	-16.92	SN	317763
14.85	-15.88	SN	753315
14.76	-17.39	SN	874062
14.69	-17.44	SN	2646503
11.47	49.87	SO	15923
3.85	45.56	SO	16928
7.98	49.81	SO	18904
2.40	42.97	SO	20000
9.89	43.38	SO	20000
2.61	44.89	SO	22022
9.59	43.33	SO	22700
6.77	46.79	SO	26000
3.84	47.18	SO	26562
2.80	44.07	SO	27792
3.80	42.54	SO	33820
10.61	47.36	SO	33853
6.43	46.46	SO	36000
2.34	42.27	SO	42240
0.06	42.74	SO	42270
0.48	42.78	SO	43694
2.78	45.50	SO	47086
1.78	44.52	SO	51720
4.73	45.20	SO	55410
8.40	48.48	SO	57300
8.47	47.35	SO	60100
6.76	47.43	SO	61200
2.13	45.12	SO	65461
5.76	45.76	SO	68000
3.92	41.87	SO	73000
11.28	49.18	SO	74287
9.70	43.62	SO	77320
9.52	45.53	SO	99270
6.24	46.22	SO	120000
3.11	43.64	SO	129839
9.97	43.42	SO	148702
1.71	44.77	SO	230100
-0.35	42.54	SO	234852
10.43	45.01	SO	242344
9.56	44.06	SO	477876
9.93	43.18	SO	597842
2.03	45.34	SO	2587183
5.7	-55.23	SR	18223
5.86	-55.16	SR	223757
9.27	24.41	SS	16000
7.27	28.67	SS	17338
8.30	30.14	SS	17827
4.41	32.57	SS	20048
6.20	31.55	SS	26782
6.80	29.67	SS	32083
8.76	27.39	SS	38745
4.57	28.39	SS	40382
8.53	28.10	SS	44600
3.86	32.48	SS	49000
8.30	27.98	SS	78000
7.70	27.98	SS	127384
9.53	31.66	SS	160765
4.09	30.67	SS	260720
9.01	27.57	SS	300000
4.85	31.58	SS	450000
0.33	6.72	ST	53300
13.48	-88.46	SV	15032
13.73	-89.71	SV	15446
13.7	-88.1	SV	16152
13.48	-89.32	SV	16855
13.28	-88.55	SV	19074
13.38	-88.35	SV	19095
14.33	-89.45	SV	19143
13.74	-89.67	SV	19197
14.03	-88.93	SV	19364
13.86	-88.63	SV	20386
13.95	-89.18	SV	21445
13.59	-89.82	SV	22763
13.73	-89.20	SV	25426
13.33	-87.84	SV	26807
13.83	-89.27	SV	28886
13.98	-89.68	SV	32282
13.66	-89.25	SV	33767
13.92	-89.84	SV	34102
13.70	-89.10	SV	38890
13.78	-88.91	SV	39361
13.5	-88.86	SV	39613
13.63	-88.8	SV	41504
13.72	-89.18	SV	44369
13.71	-88.93	SV	48411
13.35	-88.45	SV	51910
13.66	-89.18	SV	54615
13.71	-89.72	SV	59468
13.72	-89.16	SV	71594
13.80	-89.17	SV	112158
13.67	-89.27	SV	124694
13.72	-89.18	SV	160317
13.99	-89.55	SV	176661
13.48	-88.18	SV	247126
13.71	-89.13	SV	329708
13.68	-89.18	SV	525990
18.02	-63.04	SX	1400
33.73	36.60	SY	16118
33.43	36.07	SY	18511
34.15	36.74	SY	20656
37.07	40.65	SY	21481
34.89	36.49	SY	21819
35.37	36.60	SY	21845
36.21	36.76	SY	21987
36.11	36.51	SY	22436
35.26	36.60	SY	23403
33.35	36.24	SY	23526
32.74	36.30	SY	23784
36.81	38.01	SY	24997
34.85	40.59	SY	25514
36.37	36.99	SY	25546
36.13	36.73	SY	25560
36.47	37.09	SY	25658
33.07	36.18	SY	25702
32.82	36.16	SY	25920
37.10	40.93	SY	26821
34.82	36.11	SY	27815
36.15	37.70	SY	28905
33.01	36.12	SY	29076
34.69	40.83	SY	29237
35.26	36.71	SY	29259
33.72	36.10	SY	29549
34.66	36.25	SY	29754
32.99	36.06	SY	30283
35.95	36.71	SY	30354
35.29	36.74	SY	30716
32.73	36.06	SY	31249
36.13	36.45	SY	31608
34.22	37.24	SY	31748
36.01	36.67	SY	32163
35.06	36.34	SY	32262
33.80	36.73	SY	32352
35.86	36.80	SY	34231
36.34	37.53	SY	34670
33.12	35.82	SY	36143
33.55	36.36	SY	37348
34.84	36.73	SY	38491
35.18	35.94	SY	39066
35.81	36.31	SY	39311
33.96	36.65	SY	40502
34.50	36.58	SY	41062
33.53	36.36	SY	42474
35.61	36.56	SY	45652
36.51	36.86	SY	48693
35.44	36.65	SY	48975
34.02	36.72	SY	49372
36.89	38.35	SY	50000
34.56	38.28	SY	51015
36.43	37.56	SY	51230
34.92	36.73	SY	53152
35.01	40.45	SY	54534
33.61	36.31	SY	55561
34.45	40.91	SY	57572
32.70	36.56	SY	59052
36.07	37.37	SY	63708
35.36	35.92	SY	65915
36.58	37.04	SY	66138
33.45	36.23	SY	71596
35.83	38.54	SY	87880
35.01	37.05	SY	94887
32.61	36.10	SY	97969
36.52	37.95	SY	99497
33.57	36.40	SY	111864
35.93	36.63	SY	128840
36.37	37.51	SY	130745
35.33	40.14	SY	271800
36.50	40.74	SY	422445
34.88	35.88	SY	458327
35.13	36.75	SY	460602
35.95	39.00	SY	531952
35.53	35.79	SY	709000
34.72	36.72	SY	775404
33.51	36.29	SY	1569394
36.20	37.16	SY	2098210
-26.46	31.2	SZ	4557
-26.31	31.13	SZ	76218
-26.49	31.38	SZ	110537
21.46	-71.14	TC	3720
9.32	16.15	TD	15431
8.62	17.18	TD	15841
12.35	19.61	TD	15939
10.48	16.71	TD	16732
9.76	14.15	TD	17132
17.19	21.58	TD	17240
8.34	17.76	TD	17281
8.98	16.31	TD	17285
11.80	15.86	TD	18604
11.73	15.24	TD	19373
9.22	17.71	TD	21274
13.46	22.19	TD	21950
9.45	18.94	TD	22806
10.91	15.55	TD	23320
12.37	17.05	TD	26095
9.39	16.30	TD	27071
12.47	15.43	TD	28401
9.62	15.51	TD	29742
16.06	22.83	TD	29793
13.21	18.33	TD	29867
8.65	16.51	TD	30936
9.91	15.13	TD	31668
9.64	14.21	TD	32721
14.52	20.92	TD	33540
13.64	16.48	TD	35100
13.29	19.69	TD	37941
12.99	15.73	TD	39944
8.67	16.56	TD	40289
11.98	18.21	TD	41871
17.92	19.10	TD	44011
15.11	22.25	TD	47972
14.12	15.31	TD	50681
13.46	14.71	TD	51389
12.18	18.68	TD	53768
8.91	17.55	TD	54109
12.22	21.40	TD	58941
10.28	15.37	TD	63699
9.36	14.90	TD	70677
8.66	16.85	TD	70942
11.04	20.28	TD	74691
9.30	15.80	TD	82677
9.14	18.38	TD	138928
13.82	20.83	TD	139983
8.57	16.07	TD	196124
12.10	15.04	TD	1359526
-49.34	70.21	TF	45
6.33	1.53	TG	20569
8.56	0.98	TG	21054
6.95	1.16	TG	22017
9.35	1.26	TG	22543
9.76	1.10	TG	23261
7.58	0.6	TG	24000
9.03	1.41	TG	25668
11.10	0.00	TG	26926
10.86	0.20	TG	33324
10.35	0.47	TG	37748
6.22	1.59	TG	47579
6.42	1.21	TG	55775
9.25	0.78	TG	61845
6.9	0.63	TG	75084
7.53	1.13	TG	80683
9.55	1.18	TG	104207
8.98	1.13	TG	117811
6.12	1.22	TG	749700
14.46	100.60	TH	15008
11.21	99.51	TH	15134
13.62	99.59	TH	15143
16.70	104.09	TH	15184
18.03	103.16	TH	15208
14.89	100.31	TH	15313
14.98	102.65	TH	15352
15.18	100.12	TH	15469
16.16	100.59	TH	15528
14.60	103.12	TH	15564
15.20	101.77	TH	15580
18.52	98.93	TH	15607
16.02	100.37	TH	15616
17.30	101.76	TH	15747
13.75	100.54	TH	15815
14.22	100.71	TH	15865
14.61	100.72	TH	15959
13.74	101.34	TH	16057
12.48	102.07	TH	16066
16.88	101.88	TH	16079
9.94	99.07	TH	16142
13.50	102.18	TH	16299
17.92	103.95	TH	16493
7.78	99.63	TH	16586
14.37	100.48	TH	16588
15.46	99.89	TH	16615
14.32	99.51	TH	16786
17.47	103.45	TH	16825
15.58	102.42	TH	16832
16.75	100.11	TH	16841
6.29	101.72	TH	16862
16.28	101.95	TH	16996
16.65	103.3	TH	17001
17.98	100.05	TH	17019
16.37	102.12	TH	17122
6.25	102.05	TH	17241
16.77	101.24	TH	17309
16.98	98.51	TH	17316
16.01	103.95	TH	17412
12.62	101.43	TH	17414
15.75	99.78	TH	17506
16.18	100.85	TH	17567
18.62	98.89	TH	17773
14.02	100.17	TH	17914
18.68	98.91	TH	17931
7.84	98.33	TH	18072
17.04	99.08	TH	18384
15.18	102.25	TH	18399
17.61	99.21	TH	18459
13.24	99.82	TH	18506
15.65	103.58	TH	18569
14.52	102.24	TH	18596
13.46	101.09	TH	18708
16.57	100.30	TH	18874
12.08	99.85	TH	19046
14.56	100.72	TH	19116
14.59	100.33	TH	19129
17.77	102.18	TH	19324
14.45	100.36	TH	19386
17.69	103.25	TH	19479
12.27	99.87	TH	19709
7.77	100.32	TH	19780
17.31	99.83	TH	19805
15.24	105.22	TH	19883
14.88	100.40	TH	20046
13.95	101.71	TH	20212
13.69	102.50	TH	20236
14.22	100.57	TH	20484
16.54	104.05	TH	20532
19.19	99.87	TH	21058
14.20	101.21	TH	21309
12.24	102.51	TH	21590
15.79	104.14	TH	21643
17.26	103.22	TH	21722
16.06	99.86	TH	21889
16.22	100.41	TH	21895
8.80	99.36	TH	21900
13.44	101.18	TH	21924
14.63	102.79	TH	21961
15.37	100.02	TH	22219
12.62	102.00	TH	22445
13.51	99.95	TH	23296
14.72	102.16	TH	23337
7.88	98.38	TH	23381
16.33	103.57	TH	23393
37.71	68.83	TJ	15215
40.16	69.50	TJ	16441
38.31	69.03	TJ	17471
40.57	69.64	TJ	17600
38.38	69.32	TJ	18122
37.58	68.65	TJ	18476
37.61	69.70	TJ	19563
37.49	69.40	TJ	21736
37.80	69.64	TJ	21736
37.60	68.58	TJ	22100
38.09	69.33	TJ	22824
38.46	68.80	TJ	23696
38.52	68.55	TJ	23978
36.72	71.61	TJ	26000
37.48	71.55	TJ	30500
39.49	67.60	TJ	35085
40.23	69.69	TJ	36900
38.51	68.23	TJ	37000
38.55	69.01	TJ	45693
40.26	69.79	TJ	49200
37.83	68.77	TJ	110800
40.28	69.62	TJ	191000
40.29	70.43	TJ	211100
37.91	69.78	TJ	214700
39.91	69.00	TJ	273500
40.12	70.62	TJ	274000
38.53	68.77	TJ	679400
-8.64	126.37	TL	16000
-8.47	126.45	TL	16000
-8.61	125.20	TL	16300
-8.52	126.99	TL	17186
-8.72	125.56	TL	17356
-8.58	125.34	TL	19000
-9.31	125.25	TL	21539
-8.99	125.21	TL	22000
-8.55	125.57	TL	150000
41.65	59.91	TM	16635
39.48	62.91	TM	17762
38.78	63.88	TM	17762
37.34	59.61	TM	18545
41.18	61.40	TM	21021
42.12	59.67	TM	21159
38.43	57.43	TM	22991
39.20	54.59	TM	24312
39.24	55.51	TM	24500
41.83	59.65	TM	26901
37.88	58.51	TM	27526
42.32	59.15	TM	30000
37.83	65.21	TM	33242
37.81	66.04	TM	34745
37.29	62.35	TM	37705
38.05	58.19	TM	39481
37.38	60.50	TM	67294
40.02	52.95	TM	68292
37.61	62.16	TM	75797
39.51	54.36	TM	87822
37.59	61.83	TM	114680
41.83	59.96	TM	166500
39.07	63.57	TM	234817
37.95	58.38	TM	727700
37.06	10.11	TN	15313
36.86	10.33	TN	15922
37.16	10.03	TN	16083
36.40	10.14	TN	16911
35.79	10.58	TN	17348
35.61	10.99	TN	17850
36.46	10.78	TN	18011
35.57	8.67	TN	18230
35.70	10.67	TN	18287
37.16	9.75	TN	18551
36.68	10.58	TN	18551
37.23	9.86	TN	19078
35.89	8.55	TN	19362
36.44	8.44	TN	19574
33.70	8.96	TN	19875
35.86	10.56	TN	20027
35.3	10.71	TN	20029
36.64	9.61	TN	20118
37.23	9.91	TN	21542
35.23	11.11	TN	21559
33.87	7.87	TN	21720
36.78	10.63	TN	22151
36.37	9.90	TN	23561
36.81	10.09	TN	24948
36.08	9.37	TN	26960
34.38	8.15	TN	26976
33.46	9.02	TN	28127
37.04	9.66	TN	31005
33.80	10.99	TN	32000
36.67	10.29	TN	33421
36.57	10.85	TN	33589
34.79	10.72	TN	33744
35.86	10.60	TN	33834
33.91	8.13	TN	34943
35.41	10.99	TN	36274
34.32	8.40	TN	38634
35.03	9.48	TN	42098
36.46	10.75	TN	42140
35.50	11.06	TN	44349
35.50	11.06	TN	45977
36.83	10.04	TN	47101
36.72	10.34	TN	47760
36.17	8.70	TN	47979
35.64	10.89	TN	49376
35.62	10.75	TN	50275
36.50	8.78	TN	51408
37.15	9.78	TN	54536
36.45	10.73	TN	56387
36.72	9.18	TN	57233
36.84	11.09	TN	58524
36.76	10.27	TN	59998
36.44	10.75	TN	60192
33.35	10.50	TN	61705
32.92	10.45	TN	62577
33.87	10.85	TN	62583
35.77	10.79	TN	64222
36.87	10.32	TN	65640
36.67	10.15	TN	66593
35.77	10.82	TN	71546
35.72	10.58	TN	72953
33.89	9.79	TN	73512
36.75	10.22	TN	74932
33.50	11.11	TN	79316
36.81	10.30	TN	79795
34.42	8.78	TN	81232
35.16	8.83	TN	81987
36.4	10.61	TN	97579
36.86	10.19	TN	97687
33.88	10.09	TN	110075
37.27	9.87	TN	115268
35.67	10.09	TN	119794
35.82	10.63	TN	164123
34.74	10.76	TN	277278
36.81	10.16	TN	693210
-21.13	-175.20	TO	22400
40.94	38.70	TR	15058
41.05	30.85	TR	15076
38.67	26.75	TR	15189
39.39	28.13	TR	15242
38.23	32.21	TR	15301
38.22	42.41	TR	15302
38.96	41.05	TR	15303
39.92	40.69	TR	15462
37.74	37.28	TR	15530
39.78	26.34	TR	15677
40.35	30.01	TR	15708
38.10	30.54	TR	15919
38.56	38.81	TR	15922
36.71	28.70	TR	16000
40.95	39.92	TR	16148
41.35	41.30	TR	16217
38.45	40.63	TR	16336
37.01	27.26	TR	16490
39.06	34.38	TR	16522
36.73	29.91	TR	16587
38.62	34.91	TR	16642
40.82	37.34	TR	16733
36.36	36.21	TR	16753
38.21	27.64	TR	16850
37.87	30.85	TR	16891
39.18	36.07	TR	16916
36.64	32.89	TR	16986
37.58	38.95	TR	16990
40.03	42.16	TR	17067
38.73	29.75	TR	17080
41.00	38.81	TR	17124
37.58	29.26	TR	17169
41.21	36.46	TR	17226
36.59	30.56	TR	17300
41.50	34.21	TR	17491
36.64	36.21	TR	17495
41.39	41.41	TR	17519
39.58	28.62	TR	17532
40.81	32.89	TR	17802
40.46	32.65	TR	17975
39.54	43.67	TR	18172
36.26	32.31	TR	18371
37.85	27.72	TR	18572
39.17	41.45	TR	18691
39.79	42.67	TR	18769
40.78	37.60	TR	18771
37.92	28.92	TR	18937
37.30	44.57	TR	18978
37.34	28.14	TR	19020
40.18	31.35	TR	19106
40.75	36.32	TR	19253
36.76	28.80	TR	19292
41.14	28.45	TR	19316
38.19	26.83	TR	19596
36.83	28.76	TR	19741
40.95	39.85	TR	19770
41.21	27.10	TR	19793
40.73	34.47	TR	19829
36.50	30.52	TR	20000
40.90	40.12	TR	20039
39.01	31.15	TR	20063
36.98	32.45	TR	20110
36.48	36.19	TR	20113
40.50	30.29	TR	20199
38.54	37.50	TR	20388
37.06	30.19	TR	20465
39.34	42.09	TR	20467
37.54	41.71	TR	20793
41.18	31.38	TR	20890
38.13	39.44	TR	20975
38.64	35.44	TR	21167
38.32	26.30	TR	21316
37.61	28.05	TR	21327
39.04	28.65	TR	21378
40.97	35.66	TR	21500
37.36	38.52	TR	21502
41.02	28.54	TR	21699
41.42	32.07	TR	21773
38.24	27.13	TR	21965
38.99	29.39	TR	22058
40.42	29.72	TR	22230
38.74	40.55	TR	22493
40.39	27.79	TR	22678
41.10	42.70	TR	22927
37.33	41.88	TR	22960
10.65	-61.36	TT	15067
10.58	-61.13	TT	15968
11.18	-60.73	TT	17000
10.65	-61.38	TT	17758
10.17	-61.68	TT	19056
10.64	-61.49	TT	21000
10.30	-61.44	TT	26700
10.63	-61.28	TT	35000
10.30	-61.17	TT	35650
10.66	-61.51	TT	49031
10.27	-61.46	TT	55419
10.27	-61.44	TT	56380
10.51	-61.41	TT	67433
-8.52	179.19	TV	4492
23.12	120.46	TW	16597
23.74	120.75	TW	17746
25.25	121.50	TW	23452
23.95	120.68	TW	25549
22.00	120.74	TW	31288
24.43	118.31	TW	37507
22.46	120.44	TW	47746
23.56	119.58	TW	56435
24.06	120.69	TW	65567
23.96	120.96	TW	86406
24.95	121.35	TW	87920
24.75	121.75	TW	94188
24.88	121.29	TW	94222
23.70	120.54	TW	104723
23.91	120.66	TW	105682
24.93	121.37	TW	115185
23.95	120.57	TW	124725
24.99	121.42	TW	180044
25.06	121.65	TW	204619
24.92	121.28	TW	209148
23.02	120.25	TW	233730
25.08	121.58	TW	271594
23.97	121.60	TW	350468
25.13	121.74	TW	397515
24.99	121.29	TW	402014
24.80	120.96	TW	404109
25.01	121.46	TW	543342
22.99	120.21	TW	771235
24.14	120.68	TW	1040725
22.61	120.31	TW	1519711
25.04	121.53	TW	7871900
-9.93	35.33	TZ	15009
-9.78	34.51	TZ	15168
-5.13	32.53	TZ	15320
-2.68	33	TZ	15514
-4.73	38.1	TZ	15516
-4.93	38.93	TZ	15576
-1.61	31.62	TZ	15701
-3.78	37.61	TZ	16008
-10.71	39.73	TZ	16232
-11.3	35.03	TZ	16315
-10.33	39.28	TZ	16343
-3.61	33.86	TZ	16371
-1.76	33.96	TZ	16376
-3.56	36.95	TZ	16442
-1.9	34.01	TZ	16507
-4.96	34.88	TZ	16715
-7.40	36.98	TZ	16780
-4.83	29.65	TZ	16822
-2.51	30.65	TZ	16890
-6.45	38.33	TZ	16902
-3.13	33.53	TZ	16916
-5.16	38.78	TZ	17000
-10.75	39.63	TZ	17041
-5	34.73	TZ	17092
-6.75	38.11	TZ	17181
-2.15	33.45	TZ	17211
-4.66	34.86	TZ	17342
-4.06	37.73	TZ	17455
-10.38	39.15	TZ	17468
-7.1	31.23	TZ	17742
-3.35	35.85	TZ	17754
-9.48	33.9	TZ	17775
-6.53	37.2	TZ	17861
-7.2	35.73	TZ	18010
-10.37	38.76	TZ	18058
-2.63	33.98	TZ	18428
-1.4	31.73	TZ	18430
-1.85	34.7	TZ	18431
-4.26	35.85	TZ	18528
-4.46	35.45	TZ	18595
-3.36	36.85	TZ	18726
-9	32.98	TZ	18737
-6.37	37.37	TZ	18753
-10.75	34.9	TZ	18830
-4.06	35.38	TZ	18864
-8.9	34.58	TZ	18870
-9.01	34.8	TZ	19040
-2.58	33.35	TZ	19082
-6.8	39.25	TZ	19086
-4.23	35.41	TZ	19087
-8.56	32.05	TZ	19185
-9.76	37.93	TZ	19296
-2.63	30.46	TZ	19421
-10.58	35.4	TZ	19472
-6.71	36.36	TZ	19526
-10.68	39.83	TZ	19555
-5.13	34.76	TZ	19692
-5.7	34.48	TZ	19711
-3.33	35.66	TZ	19803
-6.35	36.48	TZ	19806
-1.79	31.55	TZ	19815
-4.21	35.55	TZ	19876
-1.14	31.39	TZ	20049
-4.5	37.9	TZ	20231
-4.8	38.25	TZ	20241
-1.98	32.91	TZ	20254
-4.8	38.21	TZ	20534
-4.36	35.08	TZ	20937
-3.9	32.93	TZ	21094
-9.17	33.54	TZ	21342
-3.28	32.85	TZ	21553
-2.68	33.98	TZ	22025
-2.71	30.63	TZ	22069
-3.88	33.2	TZ	22082
-10.8	35.05	TZ	22155
-3.45	33.95	TZ	22551
-7.58	31.26	TZ	22624
-2.96	33.33	TZ	22658
-4.56	34.63	TZ	22810
-3.28	36.98	TZ	22839
-10.9	38.5	TZ	23028
-3.55	33.6	TZ	23296
-7.00	39.29	TZ	23307
-4.9	35.78	TZ	23518
-4.26	34.36	TZ	23519
48.67	28.86	UA	15011
45.67	28.61	UA	15044
47.94	35.44	UA	15044
48.07	39.79	UA	15218
50.49	29.22	UA	15252
51.32	28.80	UA	15332
49.07	27.67	UA	15337
47.92	38.20	UA	15447
48.65	34.32	UA	15477
51.15	34.31	UA	15600
48.05	24.20	UA	15621
48.88	26.84	UA	15707
49.01	31.04	UA	15763
49.54	30.87	UA	15789
49.59	36.52	UA	15825
47.65	33.71	UA	15828
49.78	23.64	UA	15993
49.17	26.56	UA	16046
49.40	38.15	UA	16145
50.11	26.82	UA	16162
50.31	31.46	UA	16202
45.05	34.60	UA	16428
48.31	31.52	UA	16479
49.07	30.96	UA	16490
44.84	34.97	UA	16597
49.01	31.39	UA	16674
51.18	32.83	UA	16862
49.79	23.15	UA	16945
48.40	39.22	UA	17061
48.54	22.98	UA	17068
50.10	36.12	UA	17139
49.73	29.66	UA	17452
50.29	36.94	UA	17459
50.48	30.32	UA	17623
49.44	24.93	UA	17697
47.38	35.00	UA	17736
49.41	31.25	UA	17763
50.16	35.52	UA	17818
46.85	30.07	UA	17858
48.01	38.26	UA	17871
46.11	32.90	UA	17915
47.79	38.47	UA	17998
47.47	36.25	UA	18111
49.04	38.21	UA	18116
48.40	33.70	UA	18140
47.98	37.27	UA	18220
48.11	32.77	UA	18225
50.56	30.26	UA	18466
49.53	26.20	UA	18474
49.46	28.51	UA	18492
47.93	29.62	UA	18511
45.45	28.27	UA	18530
44.51	33.59	UA	18649
49.65	26.97	UA	18868
50.27	31.76	UA	18995
48.57	35.09	UA	19138
48.63	38.37	UA	19199
46.16	34.80	UA	19501
45.44	29.26	UA	19540
50.48	34.96	UA	19544
49.63	37.67	UA	19738
49.94	35.92	UA	20001
48.98	37.80	UA	20066
49.30	23.55	UA	20200
50.47	24.28	UA	20373
48.35	39.72	UA	20390
48.97	23.96	UA	20417
47.98	37.28	UA	20700
50.11	27.50	UA	20785
50.09	25.72	UA	21063
47.60	37.49	UA	21166
49.81	36.05	UA	21202
49.37	35.45	UA	21426
48.14	37.30	UA	21521
49.27	38.91	UA	22000
48.48	34.01	UA	22079
50.58	30.48	UA	22080
48.72	32.65	UA	22444
48.34	39.65	UA	22449
48.68	29.23	UA	22459
48.63	24.57	UA	22504
49.80	24.90	UA	22608
47.75	37.67	UA	22835
50.08	25.15	UA	23134
49.71	28.83	UA	23241
0.64	33.17	UG	15130
-0.87	30.26	UG	15300
0.77	33.62	UG	15889
-0.88	29.65	UG	16915
0.71	30.06	UG	16919
0.18	30.45	UG	17169
0.34	32.64	UG	17947
0.63	30.62	UG	18600
3.66	31.72	UG	18800
2.98	34.13	UG	18800
0.55	31.39	UG	18936
0.40	32.45	UG	20530
0.70	32.88	UG	21704
0.57	33.74	UG	22500
0.68	32.42	UG	22507
3.46	31.24	UG	24300
0.72	32.51	UG	24415
0.84	32.47	UG	28338
2.41	30.98	UG	28348
3.37	31.79	UG	28700
2.47	31.08	UG	30354
-0.9	30.41	UG	30509
1.14	33.70	UG	30745
-0.13	30.49	UG	31000
1.67	31.71	UG	31486
0.36	32.93	UG	35036
1.43	31.35	UG	39625
0.69	34.18	UG	40400
0.41	32.02	UG	41131
0.66	30.27	UG	42670
0.46	34.09	UG	43200
-1.24	29.98	UG	43500
0.60	33.46	UG	45024
3.02	30.91	UG	55585
1.71	33.61	UG	56400
3.27	32.88	UG	56891
0.44	33.17	UG	61952
0.05	32.47	UG	62969
-0.33	31.73	UG	65373
0.18	30.08	UG	67269
0.35	32.75	UG	67290
1.97	32.53	UG	67700
1.08	34.17	UG	76493
-0.59	30.62	UG	79157
0.43	33.20	UG	93061
-0.60	30.64	UG	97500
2.24	32.89	UG	119323
2.77	32.29	UG	146858
0.31	32.58	UG	1353189
35.86	-101.97	US	15001
42.99	-78.18	US	15010
42.96	-78.80	US	15019
34.81	-102.39	US	15021
43.05	-74.34	US	15023
28.06	-81.78	US	15035
25.64	-80.39	US	15047
32.59	-114.70	US	15048
37.27	-76.70	US	15052
41.78	-89.69	US	15057
42.04	-70.67	US	15059
37.70	-92.15	US	15061
39.64	-119.70	US	15064
44.89	-89.54	US	15069
38.91	-78.19	US	15070
39.00	-76.97	US	15086
38.31	-88.90	US	15087
36.16	-82.83	US	15094
25.98	-80.19	US	15097
41.05	-74.14	US	15102
42.06	-72.51	US	15102
39.89	-84.19	US	15106
38.69	-121.44	US	15106
34.99	-85.15	US	15114
35.25	-118.91	US	15120
41.69	-93.04	US	15125
39.10	-76.99	US	15126
31.56	-91.40	US	15128
33.89	-118.19	US	15135
36.61	-119.52	US	15138
32.00	-80.97	US	15138
43.16	-77.70	US	15138
34.04	-81.14	US	15144
42.90	-78.69	US	15146
39.33	-76.47	US	15147
37.74	-121.12	US	15151
33.75	-84.26	US	15152
42.96	-78.87	US	15160
38.14	-85.62	US	15167
43.91	-69.96	US	15175
40.94	-124.10	US	15177
38.95	-122.62	US	15182
21.33	-158.05	US	15186
29.59	-95.68	US	15186
40.52	-74.31	US	15187
41.43	-72.01	US	15212
38.87	-77.22	US	15212
39.11	-121.63	US	15217
44.76	-85.62	US	15218
39.99	-82.67	US	15245
40.41	-120.65	US	15247
38.21	-85.22	US	15253
39.28	-77.20	US	15257
42.50	-83.18	US	15268
44.86	-92.62	US	15269
35.09	-80.68	US	15270
36.32	-78.39	US	15271
40.62	-74.14	US	15272
44.91	-123.31	US	15277
45.58	-122.35	US	15288
40.66	-73.48	US	15294
40.60	-74.51	US	15311
25.82	-80.24	US	15313
20.89	-156.50	US	15313
32.47	-86.36	US	15314
34.26	-118.30	US	15316
44.44	-87.92	US	15317
41.83	-89.47	US	15319
34.80	-106.73	US	15336
45.59	-121.17	US	15340
41.80	-72.24	US	15344
36.46	-77.65	US	15345
34.23	-111.32	US	15345
29.56	-98.33	US	15346
34.17	-86.84	US	15350
39.09	-84.49	US	15354
36.07	-87.38	US	15359
26.52	-81.96	US	15369
32.80	-116.93	US	15379
40.75	-73.58	US	15379
21.34	-158.08	US	15383
28.50	-81.54	US	15400
41.48	-81.92	US	15402
36.48	-79.76	US	15403
34.03	-117.99	US	15411
-34.86	-56.05	UY	15393
-34.66	-56.21	UY	16244
-34.45	-56.39	UY	16438
-32.69	-57.62	UY	16756
-33.53	-58.21	UY	17174
-34.76	-56.36	UY	17973
-34.00	-58.28	UY	18041
-34.52	-56.27	UY	19698
-34.76	-56.22	UY	19913
-33.51	-56.89	UY	21429
-34.46	-57.83	UY	21714
-33.11	-58.31	UY	23279
-34.71	-55.95	UY	24047
-34.48	-54.33	UY	25515
-33.23	-54.38	UY	25653
-34.79	-54.91	UY	27471
-34.75	-56.00	UY	31650
-34.09	-56.21	UY	32234
-33.38	-56.52	UY	33926
-34.33	-56.71	UY	36529
-34.37	-55.23	UY	38025
-30.4	-56.46	UY	41909
-33.25	-58.03	UY	42359
-32.37	-54.16	UY	51023
-31.71	-55.98	UY	51854
-34.9	-54.95	UY	55478
-30.90	-55.55	UY	64631
-34.73	-56.21	UY	69682
-32.31	-58.08	UY	73249
-31.38	-57.96	UY	99823
-34.90	-56.18	UY	1270737
39.85	64.44	UZ	15620
40.52	68.03	UZ	16524
40.00	64.50	UZ	16697
39.92	66.86	UZ	16727
41.22	61.30	UZ	16800
40.66	72.56	UZ	16889
41.53	60.34	UZ	16948
41.31	61.07	UZ	17643
38.82	65.65	UZ	18900
39.03	66.57	UZ	19356
40.81	69.19	UZ	19642
39.71	66.66	UZ	19920
40.76	72.97	UZ	20000
40.37	70.81	UZ	20332
40.43	71.76	UZ	20459
40.31	67.95	UZ	21384
41.55	69.77	UZ	21600
40.43	70.61	UZ	21984
39.53	63.83	UZ	22487
40.93	68.76	UZ	23700
40.68	72.60	UZ	24000
40.01	66.23	UZ	24772
40.98	68.9	UZ	24781
40.66	68.16	UZ	24856
41.11	70.09	UZ	24900
37.99	67.78	UZ	25000
40.02	65.96	UZ	25027
38.62	66.25	UZ	25368
40.39	71.47	UZ	25543
40.73	72.76	UZ	25861
40.81	72.83	UZ	26055
40.91	72.11	UZ	26257
41.37	69.38	UZ	26494
40.12	64.50	UZ	26527
40.47	71.76	UZ	26686
38.20	67.20	UZ	26934
41.65	60.29	UZ	26950
39.96	68.39	UZ	27077
41.84	60.39	UZ	27506
41.55	69.70	UZ	27636
41.38	69.46	UZ	27750
40.87	71.10	UZ	28000
41.19	71.72	UZ	28422
40.91	71.57	UZ	28562
40.84	68.66	UZ	28800
39.76	67.27	UZ	29200
41.08	71.92	UZ	29683
39.25	65.15	UZ	30100
40.99	71.51	UZ	30300
41.20	69.33	UZ	31400
40.29	71.98	UZ	32024
40.56	65.68	UZ	32300
40.81	72.74	UZ	32750
40.72	72.88	UZ	33000
40.52	72.07	UZ	33167
42.11	60.05	UZ	33200
41.11	72.07	UZ	33323
40.89	69.35	UZ	34900
40.12	68.49	UZ	36500
40.90	69.63	UZ	37784
39.92	65.92	UZ	38307
39.12	66.88	UZ	40800
40.10	64.68	UZ	41070
41.24	71.54	UZ	43684
40.80	72.97	UZ	44000
40.27	68.82	UZ	44200
39.41	67.26	UZ	47373
41.55	61.01	UZ	48908
41.06	71.82	UZ	49844
42.40	59.44	UZ	50000
41.03	69.36	UZ	51400
40.64	72.23	UZ	56736
43.06	58.90	UZ	59122
41.29	69.67	UZ	60200
41.11	69.04	UZ	61700
39.72	64.55	UZ	62300
41.00	71.23	UZ	64966
41.69	60.75	UZ	66090
39.03	65.58	UZ	68900
38.26	67.89	UZ	78300
43.04	58.83	UZ	80090
40.48	68.78	UZ	90398
39.90	66.26	UZ	90600
41.38	60.36	UZ	93400
40.22	69.26	UZ	96900
41.90	12.45	VA	829
13.15	-61.22	VC	24518
10.59	-68.67	VE	15661
6.71	-61.63	VE	16100
8.71	-71.44	VE	17111
10.44	-71.64	VE	17271
9.67	-68.97	VE	17402
8.60	-70.10	VE	17440
9.33	-66.25	VE	17728
8.84	-69.98	VE	18086
9.29	-70.67	VE	18128
9.63	-68.12	VE	18520
11.94	-69.92	VE	18525
6.83	-63.33	VE	18591
10.68	-71.03	VE	19174
11.06	-63.92	VE	19215
8.69	-62.19	VE	19474
9.14	-71.09	VE	19885
8.98	-70.73	VE	20098
8.25	-71.82	VE	20113
9.53	-68.63	VE	20172
7.95	-72.24	VE	20539
10.50	-63.41	VE	20609
8.10	-67.60	VE	20791
8.39	-71.64	VE	21209
9.93	-65.16	VE	21582
10.24	-68.76	VE	21588
10.30	-65.99	VE	22352
10.31	-65.97	VE	22830
11.75	-70.18	VE	23182
8.63	-71.07	VE	23539
9.81	-63.61	VE	23625
10.57	-64.25	VE	23693
10.25	-71.36	VE	23714
8.97	-71.27	VE	24034
10.12	-69.03	VE	24262
8.76	-70.11	VE	24354
10.26	-68.81	VE	24570
8.74	-72.51	VE	24592
11.82	-70.25	VE	25047
10.60	-66.93	VE	25259
8.32	-72.08	VE	25352
9.39	-70.59	VE	25437
10.25	-63.91	VE	25858
9.05	-72.23	VE	26121
10.15	-69.00	VE	26755
7.06	-69.49	VE	27795
7.47	-61.89	VE	27988
11.02	-70.67	VE	28117
8.50	-71.38	VE	28176
11.08	-63.96	VE	28256
10.21	-68.32	VE	29451
8.16	-63.56	VE	29763
4.60	-61.11	VE	29795
10.36	-66.13	VE	30918
11.48	-69.35	VE	31644
9.38	-67.05	VE	31788
10.28	-66.37	VE	31788
10.53	-71.51	VE	31810
10.90	-64.09	VE	31886
10.15	-68.39	VE	32907
9.29	-69.45	VE	33547
9.45	-64.82	VE	34048
9.14	-71.06	VE	34165
10.79	-68.32	VE	34407
10.17	-68.25	VE	34618
11.46	-69.56	VE	34680
11.03	-63.86	VE	35084
7.64	-72.27	VE	35452
10.43	-68.89	VE	35508
9.41	-70.50	VE	35847
9.75	-69.65	VE	35850
9.00	-62.64	VE	36447
8.69	-69.20	VE	37219
8.13	-71.98	VE	37545
7.29	-61.50	VE	37614
10.05	-65.03	VE	37745
10.61	-66.85	VE	37824
9.69	-68.43	VE	38172
8.75	-69.93	VE	39493
10.28	-69.16	VE	39653
10.57	-62.29	VE	40000
7.82	-72.30	VE	40169
10.41	-71.68	VE	40313
10.34	-66.98	VE	40618
8.33	-71.75	VE	40716
8.84	-64.71	VE	40751
18.42	-64.62	VG	8449
18.34	-64.93	VI	20000
17.72	-64.74	VI	50601
11.78	108.24	VN	16036
15.88	108.12	VN	16215
21.11	105.86	VN	16514
10.69	106.74	VN	17264
16.81	107.10	VN	17662
22.14	105.83	VN	17701
21.30	105.60	VN	17876
21.32	103.91	VN	19054
22	103.13	VN	20450
13.20	108.21	VN	20600
10.25	105.59	VN	23109
16.75	107.18	VN	23356
11.53	106.88	VN	23978
9.78	105.47	VN	24477
21.18	105.77	VN	25000
20.9	105.58	VN	25100
18.34	105.90	VN	27728
20.72	107.04	VN	30000
20.54	105.91	VN	31801
22.82	104.98	VN	32690
15.87	108.33	VN	32757
15.12	108.79	VN	32992
21.82	105.21	VN	36430
22.48	103.97	VN	36502
20.25	105.97	VN	36864
10.38	104.48	VN	40000
20.64	106.05	VN	40273
21.38	103.02	VN	40282
21.18	106.07	VN	43564
11.28	106.13	VN	47966
20.97	105.77	VN	50877
20.45	106.34	VN	53071
21.27	106.19	VN	53728
20.07	105.86	VN	53754
10.41	106.95	VN	55137
21.85	106.76	VN	55981
9.94	106.34	VN	57408
20.94	106.33	VN	58030
12.00	107.69	VN	61413
10.46	105.63	VN	63770
21.03	106.77	VN	63829
21.6	104.51	VN	68206
13.09	109.32	VN	69596
10.25	105.64	VN	70000
10.7	105.11	VN	70239
21.52	107.96	VN	72960
22.66	106.25	VN	73549
10.97	106.49	VN	75000
21.14	105.50	VN	76956
21.18	106.16	VN	80000
10.00	105.75	VN	86278
10.98	106.65	VN	91009
11.56	108.98	VN	91520
13.45	109.22	VN	94066
10.06	105.82	VN	94862
21.72	104.91	VN	96540
10.36	106.66	VN	97709
10.22	105.39	VN	98399
9.99	105.66	VN	98424
20.81	105.33	VN	105260
18.66	105.66	VN	107082
9.29	105.72	VN	107911
10.06	105.55	VN	109684
9.17	105.15	VN	111894
19.8	105.76	VN	112473
10.07	105.73	VN	113565
13.98	108	VN	114225
9.59	105.97	VN	114453
10.09	105.42	VN	116576
10.36	106.35	VN	122310
10.24	106.37	VN	124449
12.95	108.29	VN	127920
10.10	105.62	VN	129683
10.30	105.73	VN	132000
11.31	106.09	VN	135254
21.01	107.3	VN	135477
21.01	107.27	VN	135477
10.25	105.97	VN	137870
21.32	105.40	VN	140935
11.81	108.21	VN	144707
11.92	109.15	VN	146771
12.66	108.03	VN	146975
20.95	107.07	VN	148066
11.54	107.80	VN	151915
10.60	106.67	VN	152200
-17.73	168.31	VU	35901
-13.28	-176.17	WF	1200
-13.83	-171.76	WS	40407
42.66	21.09	XK	16154
42.90	20.84	XK	17000
43.10	20.80	XK	19000
42.55	20.76	XK	19863
42.39	20.65	XK	22049
42.82	20.96	XK	30651
42.91	21.19	XK	35000
42.02	20.65	XK	35000
42.43	21.03	XK	35000
42.78	20.48	XK	40000
42.32	21.35	XK	46959
42.65	20.28	XK	48962
42.54	20.28	XK	50500
42.46	21.46	XK	51912
42.62	20.89	XK	58579
42.37	21.15	XK	59504
42.35	20.82	XK	72229
42.38	20.43	XK	94158
42.88	20.86	XK	107045
42.21	20.73	XK	171464
42.67	21.16	XK	550000
15.46	45.32	YE	16794
16.16	44.77	YE	18241
13.12	45.38	YE	19879
13.05	44.88	YE	23375
15.31	44.30	YE	31859
14.29	44.37	YE	33050
14.51	43.32	YE	34204
14.53	46.83	YE	37315
13.98	45.57	YE	37821
13.83	44.11	YE	37997
15.69	43.60	YE	43549
15.05	43.28	YE	48218
16.94	43.76	YE	51870
14.19	43.31	YE	52590
15.17	44.32	YE	69404
15.65	43.94	YE	90792
14.54	44.40	YE	160114
13.96	44.18	YE	234837
14.54	49.12	YE	566000
13.57	44.02	YE	615222
14.79	42.95	YE	617871
12.77	45.03	YE	863000
15.35	44.20	YE	1937451
-12.78	45.25	YT	15339
-12.78	45.21	YT	15880
-12.77	45.22	YT	17060
-12.77	45.28	YT	17739
-12.73	45.20	YT	18118
-12.78	45.22	YT	54831
-26.21	27.97	ZA	0
-26.30	30.77	ZA	15008
-26.27	29.22	ZA	15055
-33.96	18.47	ZA	15158
-33.78	20.12	ZA	15176
-31.52	27.69	ZA	15764
-27.13	29.97	ZA	15793
-26.15	29.71	ZA	15871
-26.21	29.29	ZA	15876
-30.69	28.50	ZA	15884
-25.33	31.01	ZA	15954
-26.06	27.64	ZA	16087
-31.19	28.23	ZA	16133
-34.09	21.25	ZA	16176
-27.38	30.95	ZA	16192
-27.80	28.42	ZA	16637
-23.83	30.16	ZA	16954
-27.64	25.60	ZA	17122
-29.53	31.21	ZA	17218
-31.33	27.85	ZA	17224
-29.19	27.45	ZA	17228
-33.98	18.49	ZA	17399
-33.89	19.10	ZA	17432
-27.91	25.16	ZA	17523
-25.53	26.07	ZA	17708
-28.33	28.99	ZA	17800
-25.47	31.14	ZA	17846
-28.11	24.84	ZA	17946
-32.78	26.83	ZA	18141
-32.90	27.50	ZA	18151
-34.00	24.73	ZA	18991
-22.88	30.49	ZA	19092
-30.99	26.32	ZA	19159
-34.05	23.37	ZA	19445
-25.15	28.85	ZA	19517
-31.87	26.97	ZA	20009
-30.20	30.79	ZA	20410
-26.55	29.16	ZA	20418
-25.43	31.95	ZA	20508
-24.7	28.4	ZA	20527
-28.33	31.41	ZA	20753
-25.09	30.44	ZA	21695
-27.78	24.68	ZA	21707
-31.49	25.00	ZA	22380
-32.72	25.58	ZA	22553
-27.97	27.02	ZA	22847
-26.26	30.82	ZA	23153
-32.94	28.01	ZA	23733
-30.28	30.75	ZA	23949
-23.69	30.14	ZA	24572
-28.01	27.08	ZA	24635
-25.91	28.19	ZA	25000
-31.70	27.23	ZA	25041
-34.41	19.23	ZA	25153
-30.54	29.42	ZA	25373
-25.67	28.52	ZA	25490
-29.56	30.18	ZA	25732
-34.05	18.47	ZA	25745
-32.83	27.21	ZA	26099
-25.11	29.04	ZA	26236
-24.58	30.31	ZA	26675
-25.81	28.74	ZA	27343
-27.28	27.97	ZA	27407
-33.80	19.88	ZA	27715
-28.27	29.12	ZA	27869
-28.76	31.89	ZA	28093
-27.01	30.44	ZA	28127
-29.47	30.23	ZA	28725
-28.33	23.06	ZA	30089
-23.88	30.28	ZA	30138
-34.15	19.01	ZA	30337
-33.58	26.88	ZA	30981
-27.75	26.64	ZA	31700
-30.64	24.01	ZA	32318
-29.87	30.27	ZA	32445
-34.04	24.92	ZA	32477
-32.17	26.82	ZA	33844
-30.86	30.37	ZA	34407
-28.41	26.70	ZA	34718
-34.02	24.76	ZA	34733
-33.46	18.72	ZA	34991
-32.57	27.42	ZA	35510
-23.30	30.71	ZA	37024
-25.69	28.74	ZA	37650
-32.90	17.98	ZA	38382
-17.02	26.48	ZM	15394
-16.53	28.70	ZM	18638
-14.98	27.06	ZM	19086
-14.24	31.31	ZM	19296
-17.47	24.29	ZM	20149
-11.36	29.55	ZM	20470
-8.84	31.36	ZM	20570
-9.79	29.07	ZM	20589
-9.34	28.73	ZM	23693
-11.83	31.45	ZM	28445
-16.28	27.48	ZM	30257
-13.97	28.66	ZM	37942
-12.09	26.42	ZM	40705
-11.19	28.89	ZM	42277
-16.80	26.98	ZM	46746
-15.76	28.18	ZM	47554
-15.24	23.12	ZM	52534
-12.36	27.82	ZM	57328
-15.85	27.74	ZM	64006
-12.84	28.09	ZM	66575
-10.21	31.18	ZM	91056
-17.84	25.85	ZM	109203
-13.13	28.41	ZM	113365
-12.54	28.24	ZM	120500
-12.52	27.88	ZM	148564
-14.44	28.44	ZM	188979
-13.63	32.65	ZM	327059
-12.80	28.21	ZM	400914
-12.95	28.63	ZM	451246
-15.40	28.28	ZM	1267440
-18.20	28.93	ZW	18942
-18.36	26.49	ZW	21300
-19.67	30.00	ZW	22900
-20.93	29.00	ZW	26700
-16.51	28.8	ZW	27600
-18.52	32.12	ZW	29292
-16.80	29.69	ZW	34200
-20.18	32.62	ZW	34959
-17.93	25.83	ZW	35199
-21.05	31.66	ZW	40100
-19.03	29.78	ZW	41526
-17.30	31.33	ZW	50400
-22.21	30	ZW	58100
-20.32	30.06	ZW	59717
-18.13	30.14	ZW	65800
-18.18	31.55	ZW	66203
-17.88	30.7	ZW	87038
-20.06	30.82	ZW	90286
-17.36	30.2	ZW	90800
-17.88	31.24	ZW	94083
-18.33	29.91	ZW	116300
-18.92	29.81	ZW	119863
-17.89	31.14	ZW	123250
-19.45	29.81	ZW	158200
-18.97	32.67	ZW	224802
-18.01	31.07	ZW	371244
-20.15	28.58	ZW	1200337
-17.82	31.05	ZW	1542813
